tweet_id,dog_breeds,rating_numerator,rating_denominator,dog_name,dog_stage,retweet_count,favorite_count
892420643555336193,welsh_springer_spaniel,13,10,Phineas,,8853,39467
892177421306343426,redbone,13,10,Tilly,,6514,33819
891815181378084864,german_shepherd,12,10,Archie,,4328,25461
891689557279858688,rhodesian_ridgeback,13,10,Darla,,8964,42908
891327558926688256,miniature_pinscher,12,10,Franklin,,9774,41048
891087950875897856,bernese_mountain_dog,13,10,,,3261,20562
890729181411237888,chow,13,10,,,16716,56848
890609185150312448,shopping_cart,13,10,Zoey,,4429,28226
890240255349198849,miniature_poodle,14,10,Cassie,doggo,7711,32467
890006608113172480,golden_retriever,13,10,Koda,,7624,31166
889880896479866881,gordon_setter,13,10,Bruno,,5156,28268
889665388333682689,walker_hound,13,10,,puppo,8538,38818
889638837579907072,pug,12,10,Ted,,4735,27672
889531135344209921,bloodhound,13,10,Stuart,puppo,2321,15359
889278841981685760,lhasa,13,10,Oliver,,5637,25652
888917238123831296,english_setter,12,10,Jim,,4709,29611
888078434458587136,italian_greyhound,13,10,Canela,,3653,22201
887705289381826560,maltese_dog,12,10,Gerald,,5609,30779
887343217045368832,golden_retriever,13,10,Canela,,10737,34222
887101392804085760,malamute,13,10,,,6167,31061
886736880519319552,soft-coated_wheaten_terrier,13,10,Maya,,3443,12306
886680336477933568,chihuahua,13,10,Mingus,,4610,22798
886366144734445568,black-and-tan_coonhound,13,10,Derek,,3316,21524
886258384151887873,toy_terrier,12,10,,,6523,28469
886054160059072513,blenheim_spaniel,13,10,Waffles,,108,0
885984800019947520,pembroke,12,10,,,7097,33382
885528943205470208,llama,12,10,Jimbo,,6683,36689
885518971528720385,chesapeake_bay_retriever,13,10,Maisey,,3899,20788
885311592912609280,chihuahua,14,10,,,19297,0
885167619883638784,curly-coated_retriever,13,10,Lilly,,4556,22367
884925521741709313,dalmatian,13,10,,,16439,68152
884876753390489601,ibizan_hound,12,10,Earl,,6096,28514
884562892145688576,border_collie,13,10,Lola,,5100,24765
884441805382717440,german_shepherd,13,10,Kevin,,5856,27478
884247878851493888,labrador_retriever,14,10,,,21298,74423
884162670584377345,miniature_poodle,13,10,,,3128,20771
883838122936631299,seat_belt,12,10,Yogi,doggo,3586,22349
883482846933004288,italian_greyhound,12,10,Noah,,10407,46860
883117836046086144,english_setter,13,10,Grizzwald,floofer,6949,37914
882992080364220416,miniature_schnauzer,13,10,,,4122,24445
882762694511734784,maltese_dog,13,10,Rusty,,5134,28903
882627270321602560,airedale,12,10,Gus,pupper,6342,28382
881906580714921986,hay,13,10,Koko,,3533,24773
881633300179243008,golden_retriever,13,10,Gary,,7,129
881536004380872706,chesapeake_bay_retriever,17,10,,,16570,50199
880935762899988482,chihuahua,12,10,Elliot,,2886,17346
880872448815771648,chihuahua,13,10,Louis,,3989,21734
880465832366813184,pembroke,12,10,,,6546,29075
880221127280381952,west_highland_white_terrier,12,10,Bella,,4436,27640
880095782870896641,toy_poodle,12,10,Jesse,,4533,28150
879862464715927552,golden_retriever,11,10,,,3642,22667
879674319642796034,miniature_pinscher,13,10,Romeo,,10,315
879492040517615616,giant_schnauzer,14,10,,,3323,23822
879415818425184262,toy_poodle,12,10,Bailey,,45849,107956
879376492567855104,soft-coated_wheaten_terrier,13,10,Duddles,,3261,17099
879130579576475649,vizsla,12,10,Jack,,7181,0
879050749262655488,golden_retriever,14,10,Emmy,,4941,23022
878776093423087618,rottweiler,13,10,Beau,,4319,19763
878604707211726852,siberian_husky,13,10,Snoopy,puppo,7582,30931
878404777348136964,golden_retriever,13,10,,,1349,0
878281511006478336,papillon,11,10,Terrance,,1349,7913
878057613040115712,saint_bernard,13,10,Shadow,,7181,42876
877736472329191424,rottweiler,14,10,Emmy,,17300,71144
877316821321428993,labrador_retriever,12,10,Penny,,5414,27907
877201837425926144,tibetan_terrier,13,10,Dante,,5880,27755
876838120628539392,toy_poodle,12,10,Nelly,,3506,21125
876537666061221889,borzoi,12,10,Ginger,pupper,4800,23869
876484053909872640,chihuahua,14,10,,,2511,19163
876120275196170240,labrador_retriever,13,10,Benedict,,4903,28490
875747767867523072,beagle,13,10,Venti,,4497,25773
875144289856114688,italian_greyhound,13,10,Goose,,5081,22185
875097192612077568,hare,13,10,Nugget,,6342,27997
875021211251597312,golden_retriever,13,10,,,4922,26022
874680097055178752,pembroke,12,10,,,4875,28439
874434818259525634,yorkshire_terrier,12,10,Cash,,15546,0
874296783580663808,pomeranian,12,10,Coco,,4308,26651
874057562936811520,toy_poodle,13,10,Jed,pupper,4125,23134
873580283840344065,web_site,14,10,Walter,,4143,24837
873213775632977920,kuvasz,12,10,Sierra,pupper,1667,7467
872820683541237760,west_highland_white_terrier,12,10,,doggo,3884,15029
872620804844003328,dalmatian,14,10,,,3911,21309
872486979161796608,flat-coated_retriever,13,10,Monkey,,9429,41606
872261713294495745,toyshop,12,10,,,6649,35085
872122724285648897,miniature_pinscher,13,10,Harry,,8549,35324
871879754684805121,malamute,12,10,Kody,,11918,39090
871166179821445120,seat_belt,12,10,Napolean,doggo,5991,0
871102520638267392,malamute,12,10,Dawn,,5764,21461
871032628920680449,pomeranian,14,10,,doggo,3999,23255
870804317367881728,norwegian_elkhound,13,10,Boomer,,6393,33791
870656317836468226,leatherback_turtle,10,10,,,2817,12819
870374049280663552,labrador_retriever,13,10,Cody,,27680,85011
870063196459192321,pembroke,13,10,Rumble,,8840,37771
869702957897576449,chihuahua,13,10,Dewey,,6728,29116
869596645499047938,blenheim_spaniel,13,10,Stanley,,3327,16476
869227993411051520,labrador_retriever,12,10,Scout,doggo,4023,21112
868880397819494401,chow,13,10,Gizmo,,12518,55098
868622495443632128,chow,12,10,Cooper,,6275,28295
868552278524837888,chihuahua,13,10,,,2240,10539
867900495410671616,canoe,12,10,Cooper,,4439,24964
867774946302451713,pembroke,12,10,,,7788,35179
867421006826221569,soft-coated_wheaten_terrier,13,10,Harold,,2697,16755
867072653475098625,golden_retriever,12,10,Shikha,puppo,135,0
866816280283807744,king_penguin,13,10,,,32883,0
866686824827068416,arctic_fox,13,10,,,3727,20070
866450705531457537,standard_poodle,12,10,Lili,,32883,106827
866334964761202691,staffordshire_bullterrier,13,10,Jamesy,pupper,15546,54720
866094527597207552,basenji,12,10,Coco,,8952,0
865718153858494464,labrador_retriever,12,10,,pupper,6008,26640
865359393868664832,lakeland_terrier,13,10,Boomer,,5384,27530
865006731092295680,american_staffordshire_terrier,13,10,Sammy,,8209,29063
864279568663928832,shih-tzu,14,10,,,3266,15195
863553081350529029,chihuahua,13,10,Albus,,4489,15935
863432100342583297,french_bulldog,13,10,Quinn,,5664,24829
863427515083354112,miniature_schnauzer,12,10,Belle,,105,2363
863079547188785154,pekinese,12,10,,,1195,9094
863062471531167744,komondor,14,10,,,2687,8945
862831371563274240,vacuum,13,10,Quinn,,5457,20011
862096992088072192,beagle,13,10,Jersey,,21840,66437
861769973181624320,chesapeake_bay_retriever,13,10,,,37911,0
861383897657036800,redbone,13,10,,,11528,37744
861288531465048066,malinois,13,10,Hobbes,,4479,18032
861005113778896900,golden_retriever,13,10,,,4119,17538
860981674716409858,teddy,12,10,Burt,,2334,0
860924035999428608,kelpie,13,10,Lorenzo,,882,0
860563773140209665,brittany_spaniel,13,10,,,2334,7878
860524505164394496,standard_poodle,13,10,Lorenzo,,5698,24678
860276583193509888,cocker_spaniel,13,10,Carl,,3745,19154
860184849394610176,shower_curtain,12,10,Jordy,,6295,17474
860177593139703809,basset,14,10,,,33421,0
859924526012018688,golden_retriever,10,10,,,4349,20021
859607811541651456,doormat,13,10,Trooper,,1704,19476
859074603037188101,pug,12,10,quite,,14740,35553
858843525470990336,hog,12,10,Winston,,3771,16304
858471635011153920,pembroke,13,10,,doggo,5271,22640
858107933456039936,chihuahua,13,10,Sophie,,3154,16524
857746408056729600,chihuahua,12,10,Rosie,,11524,36021
857393404942143489,pug,13,10,Thor,,1785,6236
857214891891077121,golden_retriever,13,10,Oscar,,20,242
857062103051644929,seashore,12,10,,,183,0
857029823797047296,golden_retriever,13,10,,,4364,19910
856602993587888130,siberian_husky,12,10,Zeke,,11633,0
856526610513747968,teddy,12,10,Callie,,2068,12446
856330835276025856,chihuahua,14,10,,,731,0
856288084350160898,labrador_retriever,14,10,,,17,545
856282028240666624,golden_retriever,14,10,,,6841,29086
855862651834028034,basset,14,10,Cermet,,27,320
855860136149123072,brabancon_griffon,420,10,,,1058,4407
855857698524602368,airedale,666,10,,,2313,12498
855851453814013952,cocker_spaniel,13,10,,,19196,47844
855818117272018944,toy_poodle,13,10,,doggo,5943,28056
855818117272018944,toy_poodle,13,10,,puppo,5943,28056
855459453768019968,chihuahua,13,10,,,8987,31657
855138241867124737,west_highland_white_terrier,12,10,George,,50,0
854482394044301312,eskimo_dog,12,10,Marlee,,7608,31131
854365224396361728,maltese_dog,13,10,Arya,,5159,20046
854120357044912130,seat_belt,13,10,Einstein,,8285,33911
853760880890318849,dalmatian,11,10,,doggo,6403,30414
853760880890318849,dalmatian,11,10,,floofer,6403,30414
853299958564483072,pomeranian,13,10,,,3928,16508
852912242202992640,pembroke,13,10,,,2037,9658
852553447878664193,pomeranian,12,10,Aspen,,3885,17492
852311364735569921,vizsla,13,10,Jarod,,10961,35325
852226086759018497,miniature_pinscher,13,10,Wiggles,,7570,21378
851953902622658560,piggy_bank,12,10,Sailor,,10706,0
851861385021730816,beagle,13,10,Astrid,doggo,23,0
851464819735769094,web_site,11,10,,,7855,25944
851224888060895234,blenheim_spaniel,14,10,Iggy,,6350,22090
850380195714523136,italian_greyhound,11,10,Kyle,,2915,13994
850145622816686080,malamute,13,10,,,4244,17519
849776966551130114,german_short-haired_pointer,12,10,Boomer,pupper,8404,32390
849668094696017920,toy_poodle,12,10,,,5513,0
849412302885593088,chihuahua,12,10,Gidget,pupper,3487,17039
849336543269576704,shetland_sheepdog,12,10,Noosh,,2101,12240
849051919805034497,irish_terrier,11,10,,,7396,32617
848690551926992896,cairn,13,10,Kevin,,4826,27104
848213670039564288,english_springer,12,10,Odin,,832,8834
848212111729840128,whippet,11,10,,,3444,17618
847978865427394560,pug,6,10,Jerry,,3652,0
847962785489326080,maltese_dog,13,10,,,5730,25296
847606175596138505,chihuahua,13,10,,,3774,20208
847251039262605312,seat_belt,12,10,Cannon,,4800,22036
847157206088847362,chow,12,10,Furzey,,6572,21588
847116187444137987,window_shade,11,10,Daisy,,3583,23108
846514051647705089,sorrel,13,10,Tuck,,13076,48410
846505985330044928,sussex_spaniel,13,10,Barney,doggo,3492,15304
846153765933735936,english_springer,11,10,,,10226,34394
846042936437604353,arctic_fox,13,10,,,3224,17256
845306882940190720,dandie_dinmont,13,10,Mimosa,doggo,6039,25225
845098359547420673,ibizan_hound,12,10,Pickles,pupper,8640,0
844979544864018432,shetland_sheepdog,12,10,Bungalo,,2909,14738
844973813909606400,norwich_terrier,13,10,,,3617,16361
844704788403113984,pomeranian,12,10,Brady,,11633,42022
843981021012017153,keeshond,12,10,Margo,,3285,16327
843856843873095681,norfolk_terrier,13,10,,,5220,23211
843604394117681152,pug,12,10,Sadie,,3081,18310
843235543001513987,labrador_retriever,11,10,Hank,,6852,23315
842892208864923648,chihuahua,13,10,Tycho,,56625,0
842765311967449089,dingo,13,10,Charlie,,1439,7321
842535590457499648,beagle,12,10,Indie,,3937,19637
842163532590374912,brown_bear,13,10,Winnie,,6568,26569
842115215311396866,pembroke,12,10,George,,3386,15204
841833993020538882,basenji,12,10,Bentley,,17504,0
841680585030541313,pomeranian,13,10,Ken,,8748,27854
841439858740625411,old_english_sheepdog,12,10,Penny,,4168,13755
841320156043304961,basset,14,10,,,6080,21402
841314665196081154,american_staffordshire_terrier,12,10,,,5312,17305
841077006473256960,web_site,13,10,Max,,5991,24926
840761248237133825,labrador_retriever,12,10,Dawn,,1972,0
840698636975636481,malinois,12,10,Pipsy,,3,197
840696689258311684,pekinese,10,10,,,1116,13377
840370681858686976,shih-tzu,12,10,Maddie,,5146,17918
839990271299457024,redbone,12,10,Monty,,2597,14640
839549326359670784,basenji,13,10,Sojourner,,8805,29957
839290600511926273,malinois,12,10,Winston,,158,0
839239871831150596,goose,10,10,,pupper,7422,29684
838952994649550848,shih-tzu,13,10,Odie,,4505,21289
838921590096166913,samoyed,13,10,,,2357,12183
838916489579200512,guinea_pig,13,10,Arlo,,38,0
838831947270979586,yorkshire_terrier,15,10,,,12643,0
838561493054533637,rottweiler,13,10,Riley,,1504,11892
838476387338051585,labrador_retriever,13,10,Walter,,5484,24664
838150277551247360,african_hunting_dog,13,10,Sunny,,370,1824
838083903487373313,rottweiler,15,10,,,3582,19183
837820167694528512,chihuahua,13,10,Daisy,,8952,37277
837471256429613056,miniature_poodle,13,10,Waffles,,2631,13967
837366284874571778,italian_greyhound,12,10,Vincent,,6005,23074
836989968035819520,samoyed,14,10,,,2610,13879
836753516572119041,german_shepherd,12,10,Mookie,,5237,21029
836397794269200385,toy_poodle,11,10,,,31314,0
836260088725786625,lakeland_terrier,12,10,Ava,pupper,4850,23177
836001077879255040,pomeranian,13,10,Lucy,,4935,20924
835685285446955009,doberman,13,10,,,9327,0
835536468978302976,pug,11,10,Eli,,1939,0
835297930240217089,shetland_sheepdog,13,10,,,3381,17847
835172783151792128,gordon_setter,960,0,,,6516,28552
835152434251116546,kuvasz,12,10,,,3443,24574
834931633769889797,stone_wall,0,10,,,1878,11838
834786237630337024,toy_poodle,12,10,Tucker,,6159,22943
834458053273591808,chihuahua,12,10,Leo,,1899,10512
834209720923721728,dalmatian,12,10,Chester,,5476,22594
834089966724603904,labrador_retriever,11,10,Sunshine,,2427,10971
833732339549220864,labrador_retriever,13,10,Charlie,,251,0
833722901757046785,chow,12,10,Gabby,,3636,22585
833479644947025920,pug,13,10,Bronte,,2357,16258
833124694597443584,hamster,13,10,Poppy,,5513,22133
832998151111966721,pug,12,10,Gidget,pupper,2522,14549
832769181346996225,tennis_ball,13,10,Rhino,doggo,43,0
832757312314028032,rottweiler,12,10,,,4127,18423
832682457690300417,pug,13,10,Willow,,3368,13017
832645525019123713,cocker_spaniel,13,10,,,594,3195
832636094638288896,carton,10,10,not,,3220,17379
832397543355072512,beagle,12,10,Orion,,2548,13126
832273440279240704,pug,11,10,Charlie,,2673,12385
832215909146226688,chihuahua,14,10,Smiley,doggo,7069,0
832215726631055365,irish_terrier,75,10,Logan,,10723,0
832088576586297345,pug,13,10,Moreton,,3,72
832032802820481025,chihuahua,12,10,Klein,,4746,13887
831939777352105988,irish_terrier,12,10,Miguel,doggo,7031,26404
831926988323639298,pug,12,10,Emanuel,doggo,39,369
831911600680497154,cocker_spaniel,12,10,,,7458,30380
831650051525054464,border_collie,13,10,Daisy,,2243,7908
831552930092285952,west_highland_white_terrier,13,10,,,2632,9872
831322785565769729,doberman,13,10,Dutch,,1744,10042
831315979191906304,golden_retriever,12,10,Pete,doggo,1264,7117
831309418084069378,siamese_cat,13,10,,pupper,2786,12819
830956169170665475,kuvasz,12,10,Tucker,,1735,8735
830583320585068544,great_pyrenees,12,10,Reggie,,19297,73397
830173239259324417,toy_poodle,13,10,Lilly,,6554,0
829861396166877184,golden_retriever,12,10,Loki,doggo,2243,13441
829501995190984704,chesapeake_bay_retriever,12,10,Mia,,12224,34913
829374341691346946,pembroke,11,10,,doggo,10706,38074
829141528400556032,chihuahua,13,10,Astrid,doggo,8530,26952
828708714936930305,chihuahua,13,10,Alfie,,12882,40241
828650029636317184,toy_poodle,10,10,Fiona,,1544,10467
828408677031882754,pug,12,10,Mutt,,1477,8398
828381636999917570,car_mirror,12,10,Bear,,2554,13864
828372645993398273,lakeland_terrier,13,10,Beebop,,3344,13756
828361771580813312,french_bulldog,12,10,Alexander,,195,2408
828046555563323392,chow,12,10,,,3260,12923
827933404142436356,schipperke,11,10,Brutus,,5987,22180
827653905312006145,airedale,12,10,Kona,pupper,3433,16983
827600520311402496,shih-tzu,12,10,Boots,,1082,8143
827324948884643840,golden_retriever,13,10,Tucker,,3510,17523
827228250799742977,miniature_pinscher,12,10,Ralphie,,13517,0
827199976799354881,samoyed,12,10,Phil,,2579,11659
826958653328592898,ski_mask,13,10,Charlie,,5757,23767
826848821049180160,chihuahua,12,10,Loki,doggo,11878,40325
826615380357632002,hamster,13,10,Cupid,doggo,4521,0
826598799820865537,west_highland_white_terrier,10,10,,,292,5637
826598365270007810,golden_retriever,7,10,,,2709,11117
826476773533745153,rottweiler,13,10,Pawnd,,4821,20275
826240494070030336,english_setter,12,10,Pilot,doggo,2965,14614
825876512159186944,beagle,13,10,Ike,,2146,11525
825829644528148480,arctic_fox,11,10,Mo,,2848,14025
825535076884762624,newfoundland,12,10,Toby,,19669,56413
825147591692263424,wombat,14,10,,puppo,5244,20181
825120256414846976,bull_mastiff,13,10,Sweet,,1483,0
825026590719483904,labrador_retriever,12,10,Pablo,puppo,1483,7020
824796380199809024,samoyed,12,10,Pablo,puppo,6288,0
824775126675836928,pekinese,11,10,Bailey,,4069,16508
824663926340194305,soft-coated_wheaten_terrier,12,10,Scooter,,1993,11113
824325613288833024,chesapeake_bay_retriever,13,10,Wilson,,11848,12999
823939628516474880,shih-tzu,14,10,,,3123,11755
823719002937630720,german_short-haired_pointer,12,10,Cash,,12953,0
823699002998870016,golden_retriever,12,10,Balto,,2772,13826
823581115634085888,chihuahua,12,10,Winston,,3031,14376
823333489516937216,maltese_dog,11,10,Crawford,,31,777
823269594223824897,brabancon_griffon,11,10,Wyatt,,11421,0
822975315408461824,toilet_seat,11,10,,,3958,19139
822859134160621569,pug,13,10,,puppo,2622,14576
822610361945911296,pembroke,13,10,Paisley,,3423,16327
822489057087389700,collie,12,10,,,7390,20083
822462944365645825,pomeranian,13,10,Paisley,,17209,31800
822244816520155136,toy_poodle,14,10,Gabe,pupper,11421,38832
822163064745328640,eskimo_dog,11,10,,,5571,0
821886076407029760,toy_poodle,11,10,Mattie,,2692,12582
821765923262631936,shih-tzu,12,10,Hercules,,1899,9317
821522889702862852,cardigan,13,10,Duchess,doggo,2030,8871
821407182352777218,airedale,12,10,Sampson,doggo,5053,13075
821153421864615936,pomeranian,14,10,Sundance,doggo,10,280
821149554670182400,eskimo_dog,13,10,,,2320,9718
821107785811234820,greater_swiss_mountain_dog,12,10,Luca,,2487,10645
820837357901512704,pug,12,10,Flash,,7733,0
820749716845686786,german_shepherd,12,10,Finn,,11525,34984
820690176645140481,cardigan,13,10,Sunny,,3716,13518
820314633777061888,toilet_tissue,13,10,Peaches,,648,3706
820078625395449857,brown_bear,14,10,,,7246,21979
820013781606658049,chihuahua,12,10,,,1369,0
819952236453363712,golden_retriever,13,10,Oliver,puppo,1369,5927
819924195358416896,acorn_squash,13,10,Oliver,puppo,5607,14305
819711362133872643,brabancon_griffon,11,10,,doggo,3604,14916
819588359383371776,chow,11,10,Howie,,2271,10606
819238181065359361,pomeranian,12,10,Anna,,462,2550
819227688460238848,soccer_ball,10,10,,pupper,7733,25652
819015337530290176,flat-coated_retriever,12,10,Finn,,42228,0
819006400881917954,malamute,14,10,Sunny,doggo,21794,49960
818646164899774465,pomeranian,14,10,Bo,doggo,24069,0
818627210458333184,dandie_dinmont,11,10,Seamus,,8564,24597
818614493328580609,bernese_mountain_dog,13,10,Wafer,,2982,10971
818588835076603904,vizsla,12,10,Bear,,7126,0
818307523543449600,samoyed,11,10,Tom,,9366,0
818145370475810820,chihuahua,12,10,Florence,,3014,13671
817827839487737858,miniature_poodle,12,10,,,31314,57622
817777686764523521,labrador_retriever,13,10,Buddy,,3084,11901
817536400337801217,giant_schnauzer,13,10,Dido,doggo,3505,13105
817536400337801217,giant_schnauzer,13,10,Dido,pupper,3505,13105
817502432452313088,pembroke,12,10,Eugene,,3917,0
817423860136083457,english_springer,7,10,Herschel,pupper,17504,38260
817415592588222464,rottweiler,13,10,Ken,,1131,6267
817181837579653120,pembroke,11,10,Strudel,,9907,0
817171292965273600,boxer,13,10,,pupper,2326,9690
817120970343411712,street_sign,13,10,Tebow,,3011,13367
817056546584727552,samoyed,13,10,,,1927,9517
816829038950027264,dalmatian,11,10,Chloe,,5496,0
816816676327063552,labrador_retriever,12,10,Betty,puppo,2361,11071
816336735214911488,labrador_retriever,13,10,Moose,,2269,9564
816091915477250048,dingo,11,10,Dudley,,2500,9927
816062466425819140,golden_retriever,12,10,Comet,,1207,0
816014286006976512,chow,11,10,Jack,,6154,0
815966073409433600,llama,11,10,Jack,,9907,25057
815745968457060357,pembroke,13,10,,pupper,4797,0
815736392542261248,borzoi,12,10,Levi,,2625,10937
815639385530101762,upright,11,10,Akumi,,1918,9161
815390420867969024,labrador_retriever,12,10,Titan,,4407,11467
814986499976527872,chihuahua,13,10,,,1505,8485
814638523311648768,labrador_retriever,11,10,Cooper,pupper,3130,12511
814530161257443328,west_highland_white_terrier,9,10,Beau,,2156,9629
814153002265309185,vizsla,12,10,Alf,,10080,32000
813910438903693312,scottish_deerhound,11,10,Bruce,,2194,10342
813812741911748608,cocker_spaniel,11,10,Chubbs,doggo,16267,40402
813800681631023104,pembroke,14,10,Gary,,2060,9300
813217897535406080,chow,12,10,Sky,,8476,20783
813202720496779264,english_springer,13,10,Atlas,,2090,10192
813187593374461952,bath_towel,11,10,,doggo,5096,22085
813172488309972993,standard_schnauzer,13,10,,,2236,10384
813157409116065792,golden_retriever,12,10,Eleanor,,2557,8588
813142292504645637,maltese_dog,12,10,Layla,,2728,9361
813130366689148928,beagle,13,10,,,513,4968
813127251579564032,basset,12,10,,,3652,13242
813112105746448384,pomeranian,11,10,,doggo,3225,11515
813096984823349248,pug,12,10,Toby,,4207,11694
813081950185472002,labrador_retriever,11,10,Rocky,doggo,3220,10989
813066809284972545,golden_retriever,11,10,Baron,,2276,8865
813051746834595840,wood_rabbit,12,10,Tyr,,8503,23337
812781120811126785,west_highland_white_terrier,13,10,Bauer,,2191,8380
812747805718642688,italian_greyhound,10,10,Swagger,,8067,0
812709060537683968,labrador_retriever,10,10,Sammy,,1665,7373
812503143955202048,bull_mastiff,12,10,Brandi,,1424,6787
812372279581671427,shih-tzu,12,10,Mary,,4252,15224
811985624773361665,irish_water_spaniel,13,10,Moe,,1647,8102
811744202451197953,chihuahua,11,10,Ted,,1884,8429
811627233043480576,bubble,11,10,,,3650,14265
811386762094317568,french_bulldog,10,10,Augie,,7444,23302
810984652412424192,teddy,11,10,Craig,pupper,1655,5927
810896069567610880,golden_retriever,24,7,Sam,,2090,10093
810657578271330305,maltese_dog,11,10,Hunter,,3057,12192
810284430598270976,golden_retriever,11,10,Pavlov,,13369,39640
810254108431155201,pug,13,10,Phil,,3901,16380
809920764300447744,chow,12,10,Gus,,4521,17250
809808892968534016,feather_boa,10,10,,,5711,0
809448704142938112,seat_belt,12,10,Maximus,,1696,7727
809220051211603969,boston_bull,12,10,,,6554,22246
809084759137812480,whippet,12,10,Kyro,,4046,14685
808838249661788160,loafer,11,10,Wallace,,3536,11271
808733504066486276,book_jacket,13,10,Ito,,2509,8784
808501579447930884,chihuahua,12,10,,pupper,3007,12595
808134635716833280,chihuahua,11,10,Seamus,,6961,0
808106460588765185,rain_barrel,13,10,Milo,,2525,9701
808001312164028416,great_pyrenees,12,10,,doggo,4098,14015
808001312164028416,great_pyrenees,12,10,,pupper,4098,14015
807621403335917568,chesapeake_bay_retriever,12,10,Cooper,,4288,16236
807059379405148160,chesapeake_bay_retriever,13,10,Stephan,,8521,0
806629075125202948,pekinese,12,10,Lennon,,37911,75639
806576416489959424,welsh_springer_spaniel,12,10,,,2230,5370
806542213899489280,labrador_retriever,13,10,,,2752,11363
806242860592926720,malamute,11,10,Waffles,,13616,0
806219024703037440,english_setter,12,10,Dave,,1388,7145
805932879469572096,shetland_sheepdog,10,10,Penny,,2209,9178
805826884734976000,japanese_spaniel,12,10,Major,,2132,7335
805823200554876929,blenheim_spaniel,12,10,Duke,,9374,0
805520635690676224,water_buffalo,12,10,Reginald,puppo,1905,6368
805487436403003392,beagle,13,10,Zeke,,2929,9773
805207613751304193,lakeland_terrier,12,10,Sansa,,1972,8680
804738756058218496,staffordshire_bullterrier,12,10,Shooter,,4480,15326
804475857670639616,american_staffordshire_terrier,12,10,Django,,2355,6886
804413760345620481,seat_belt,13,10,,,3712,0
804026241225523202,basset,13,10,Rusty,,18876,49774
803692223237865472,chihuahua,12,10,Diogi,puppo,8689,0
803380650405482500,maltese_dog,13,10,,pupper,2169,8601
803321560782307329,pembroke,12,10,Sonny,,6221,0
803276597545603072,shih-tzu,11,10,Philbert,,2887,11207
802952499103731712,siberian_husky,11,10,Winston,,2336,10085
802624713319034886,teddy,12,10,Marley,,3403,0
802600418706604034,dalmatian,12,10,,,1714,7938
802572683846291456,eskimo_dog,11,10,Bailey,,2926,9959
802323869084381190,miniature_pinscher,12,10,Winnie,,6808,18124
802265048156610565,chihuahua,13,10,Severus,,1573,7039
802247111496568832,maltese_dog,11,10,,doggo,5247,0
802247111496568832,maltese_dog,11,10,,pupper,5247,0
802239329049477120,norfolk_terrier,13,10,,,3040,10132
802185808107208704,golden_retriever,12,10,Loki,puppo,314,0
801958328846974976,dogsled,13,10,,,1992,8608
801854953262350336,miniature_pinscher,12,10,Ronnie,,275,1958
801538201127157760,pembroke,11,10,,,2391,9141
801285448605831168,swing,12,10,Wallace,,960,6802
801167903437357056,schipperke,10,10,,,6961,27386
801127390143516673,maltese_dog,13,10,Milo,,4627,0
801115127852503040,staffordshire_bullterrier,11,10,Anakin,doggo,2429,8992
800859414831898624,labrador_retriever,12,10,Bones,doggo,113,778
800859414831898624,labrador_retriever,12,10,Bones,pupper,113,778
800751577355128832,seat_belt,11,10,,,3214,11701
800513324630806528,malamute,12,10,Mauve,,3495,14685
800459316964663297,irish_terrier,11,10,Chef,,2489,10538
800388270626521089,pembroke,11,10,Sampson,pupper,3265,12456
800188575492947969,airedale,12,10,Doc,floofer,4581,0
800141422401830912,labrador_retriever,11,10,Bo,pupper,2980,17092
800018252395122689,labrador_retriever,13,10,Peaches,,15351,31768
799774291445383169,eskimo_dog,11,10,,doggo,5488,0
799757965289017345,panpipe,13,10,Tucker,,2506,9390
799422933579902976,cash_machine,13,10,Sobe,doggo,2213,8965
799308762079035393,kelpie,12,10,Longfellow,,6478,0
799297110730567681,scottish_deerhound,14,10,,,3227,11065
799063482566066176,italian_greyhound,11,10,Jeffrey,,2863,9058
798933969379225600,pug,11,10,Mister,,5203,14712
798925684722855936,toy_poodle,12,10,Iroh,,1663,8246
798705661114773508,maltese_dog,11,10,Shadow,,7724,0
798697898615730177,chihuahua,10,10,,,7602,0
798686750113755136,dalmatian,12,10,,,2702,0
798682547630837760,boxer,11,10,Jack,,5515,0
798673117451325440,wallaby,8,10,,pupper,6485,0
798665375516884993,french_bulldog,13,10,,,4519,0
798644042770751489,bloodhound,10,10,Lola,,2153,0
798628517273620480,chihuahua,10,10,Paull,,2272,0
798585098161549313,airedale,12,10,,,6618,0
798576900688019456,llama,10,10,Timison,,6871,0
798340744599797760,entlebucher,1,10,,,3924,0
797971864723324932,samoyed,13,10,Cooper,,3652,13018
797545162159308800,earthstar,12,10,,pupper,5656,16198
797165961484890113,golden_retriever,12,10,Pancake,,32,256
796904159865868288,pug,11,10,,,10411,0
796865951799083009,maltese_dog,11,10,Tyrone,,2198,8564
796759840936919040,miniature_poodle,12,10,Tyr,,3562,13256
796563435802726400,bluetick,11,10,Romeo,,8536,0
796387464403357696,brittany_spaniel,12,10,,doggo,4861,12334
796116448414461957,lakeland_terrier,13,10,,,2813,10139
796080075804475393,kuvasz,11,10,,,2703,9469
796031486298386433,chihuahua,12,10,Yogi,,4284,12071
795400264262053889,french_bulldog,13,10,,doggo,3323,11270
794983741416415232,pug,11,10,Bailey,,3942,0
794926597468000259,pembroke,12,10,Rizzy,,2697,11492
794355576146903043,shetland_sheepdog,12,10,Mack,,12014,0
794332329137291264,pomeranian,12,10,Butter,,3088,10686
794205286408003585,labrador_retriever,12,10,Nimbus,,3895,10314
793962221541933056,soft-coated_wheaten_terrier,14,10,Laika,pupper,5711,18910
793845145112371200,carousel,12,10,Maximus,,2187,10295
793614319594401792,pug,13,10,Clark,,3661,0
793601777308463104,pomeranian,13,10,,,1908,8926
793500921481273345,irish_setter,12,10,Dobby,,2786,11953
793271401113350145,tibetan_terrier,13,10,Moreton,,2763,9677
793256262322548741,saint_bernard,12,10,Dave,,9714,22350
793241302385262592,lhasa,12,10,,,3812,11780
793210959003287553,samoyed,11,10,Juno,,3301,9997
793195938047070209,seat_belt,10,10,Maude,,6547,17063
793180763617361921,norfolk_terrier,12,10,Lily,puppo,2310,7740
793165685325201412,rottweiler,11,10,Newt,,3238,10478
793150605191548928,toy_poodle,12,10,Benji,,1984,6909
793135492858580992,pomeranian,11,10,Nida,,2893,7214
792913359805018113,toy_poodle,11,10,Robin,,4715,16063
792883833364439040,chihuahua,13,10,,,4964,12666
792773781206999040,labrador_retriever,12,10,Bailey,,1963,8209
792050063153438720,schipperke,12,10,BeBe,,2088,8029
791774931465953280,siberian_husky,11,10,Maddie,,21156,37818
791672322847637504,seat_belt,14,10,,,3661,13129
791406955684368384,curly-coated_retriever,13,10,,,4797,14670
791312159183634433,vizsla,12,10,Levi,,2963,9841
790987426131050500,whippet,11,10,Alfie,,2483,11089
790946055508652032,english_springer,12,10,Misty,,5496,18601
790723298204217344,beagle,12,10,Betty,puppo,2704,0
790581949425475584,english_setter,12,10,Mosby,,8183,22473
790277117346975746,dingo,12,10,Maggie,,3732,14081
790227638568808452,boxer,11,10,Bruce,,4190,0
789986466051088384,koala,11,10,Leela,,2704,10369
789960241177853952,golden_retriever,12,10,Happy,,4839,0
789903600034189313,cocker_spaniel,12,10,Buddy,,4858,11673
789628658055020548,leonberg,13,10,Ralphy,pupper,2080,8448
789599242079838210,pembroke,13,10,Eli,,2279,7620
789530877013393408,french_bulldog,12,10,Brownie,,3942,13188
789314372632018944,lakeland_terrier,12,10,Rizzy,,2666,9615
789280767834746880,italian_greyhound,13,10,,,5747,0
789268448748703744,keeshond,12,10,Meyer,,3014,10196
789137962068021249,airedale,10,10,Stella,,3244,10875
788908386943430656,pembroke,12,10,Bo,,14409,30653
788765914992902144,miniature_pinscher,11,10,Lucy,,12014,30658
788552643979468800,malamute,12,10,Butter,,8407,0
788412144018661376,maltese_dog,13,10,mad,pupper,5990,16060
788178268662984705,hog,11,10,Dexter,,2488,8100
788150585577050112,toy_poodle,13,10,,,1510,6865
788070120937619456,bluetick,13,10,Leo,,3952,0
788039637453406209,labrador_retriever,11,10,Bo,,1535,6867
787717603741622272,chow,11,10,Frank,,3240,11416
787397959788929025,kelpie,13,10,Tonks,puppo,3300,12120
787322443945877504,chihuahua,11,10,Moose,,2032,8726
786963064373534720,soft-coated_wheaten_terrier,12,10,Carl,,9327,29725
786729988674449408,golden_retriever,12,10,Rory,,2827,0
786709082849828864,pembroke,11,10,Oakley,,7069,20296
786664955043049472,labrador_retriever,75,10,Logan,,2996,11957
786595970293370880,chihuahua,12,10,,,3601,10497
786363235746385920,chihuahua,11,10,Dale,,4072,12189
786233965241827333,weimaraner,12,10,Arnie,,5571,17178
786051337297522688,miniature_schnauzer,11,10,Mattie,,179,1614
785927819176054784,pembroke,11,10,Scout,,3652,12696
785872687017132033,shopping_cart,12,10,Lucy,,2130,7489
785639753186217984,labrador_retriever,12,10,Rusty,,2561,8735
785533386513321988,border_collie,10,10,Pinot,doggo,2334,10183
785533386513321988,border_collie,10,10,Pinot,pupper,2334,10183
785264754247995392,bernese_mountain_dog,10,10,,,1911,8128
785170936622350336,dishwasher,12,10,Doc,,5639,13491
784826020293709826,pug,11,10,Hero,,3712,11310
784517518371221505,pomeranian,13,10,Rusty,,2970,10039
784431430411685888,chow,11,10,Frankie,,1491,6329
784183165795655680,boston_bull,12,10,Stormy,,9374,22513
784057939640352768,golden_retriever,12,10,Reginald,puppo,12953,33505
783839966405230592,white_wolf,12,10,Balto,,12643,33689
783695101801398276,lakeland_terrier,12,10,Mairi,,3737,11650
783466772167098368,chesapeake_bay_retriever,12,10,Loomis,,2608,9468
783347506784731136,yorkshire_terrier,13,10,Godi,,6533,0
783334639985389568,papillon,11,10,Kenny,,13616,32651
783085703974514689,siberian_husky,12,10,Dave,,2565,9112
782747134529531904,rhodesian_ridgeback,12,10,Cali,,1604,8310
782722598790725632,great_dane,11,10,Deacon,doggo,6238,19250
782598640137187329,pomeranian,10,10,Penny,,2184,8694
782305867769217024,pug,11,10,Timmy,,6470,18630
782021823840026624,german_shepherd,12,10,Sampson,doggo,7236,0
781955203444699136,yorkshire_terrier,12,10,Harper,,3920,12357
781661882474196992,labrador_retriever,11,10,Chipson,,3129,11634
781655249211752448,rottweiler,5,10,,,1314,4466
781524693396357120,norwich_terrier,11,10,Combo,doggo,6426,23163
781308096455073793,tibetan_mastiff,12,10,,,2961,7973
780931614150983680,labrador_retriever,10,10,,,8536,24192
780800785462489090,borzoi,10,10,Dash,,1505,6141
780601303617732608,car_mirror,11,10,Koda,,3839,13525
780543529827336192,pug,12,10,Hercules,,2032,7040
780496263422808064,seat_belt,12,10,,,4319,0
780476555013349377,shih-tzu,12,10,Bell,,136,0
780459368902959104,boston_bull,12,10,,,1224,5892
780092040432480260,english_springer,11,10,,,2655,0
780074436359819264,rottweiler,8,10,Hank,,5815,13723
779834332596887552,pug,10,10,,doggo,8237,21252
779377524342161408,miniature_pinscher,11,10,Scout,,3613,9831
779124354206535695,staffordshire_bullterrier,12,10,,pupper,21324,0
779123168116150273,lakeland_terrier,11,10,Hurley,,4207,13206
779056095788752897,pomeranian,12,10,Reggie,,5247,16500
778990705243029504,eskimo_dog,13,10,,,8437,22342
778774459159379968,pug,11,10,Jay,,11550,0
778650543019483137,golden_retriever,11,10,Mya,,1729,6430
778624900596654080,pembroke,10,10,Strider,,1176,5177
778408200802557953,papillon,11,10,Penny,,5023,15135
778396591732486144,american_staffordshire_terrier,14,10,,,14198,0
778383385161035776,malinois,10,10,,,1271,6515
778286810187399168,cardigan,13,10,Nala,,3836,11576
778027034220126208,ibizan_hound,12,10,,pupper,1885,7320
777885040357281792,pembroke,8,10,Gerald,doggo,1893,7078
777684233540206592,english_springer,3,10,Wesley,,3403,12518
777641927919427584,cocker_spaniel,12,10,,,4947,0
777621514455814149,american_staffordshire_terrier,12,10,Arnie,,2910,9742
777189768882946048,chihuahua,12,10,Derek,,4999,15921
776819012571455488,scotch_terrier,12,10,Jeffrey,,15839,0
776477788987613185,pembroke,12,10,Solomon,,3249,9858
776249906839351296,eskimo_dog,11,10,Huck,pupper,10673,0
776218204058357768,dogsled,11,10,very,,18497,33345
776201521193218049,toy_poodle,13,10,,floofer,2919,10681
776088319444877312,italian_greyhound,11,10,Sampson,pupper,179,2045
775898661951791106,collie,10,10,,,17621,0
775842724423557120,old_english_sheepdog,12,10,,doggo,3116,13022
775842724423557120,old_english_sheepdog,12,10,,pupper,3116,13022
775733305207554048,pomeranian,12,10,Blue,,4627,15413
775729183532220416,cowboy_hat,11,10,Anakin,doggo,5302,14361
775364825476165632,standard_poodle,13,10,,,3472,8295
775350846108426240,samoyed,11,10,Finley,doggo,4532,11309
775096608509886464,malamute,12,10,Maximus,,9220,0
775085132600442880,badger,9,11,,,5488,17281
774639387460112384,pug,12,10,Finley,,2013,7508
774314403806253056,kuvasz,10,10,Sprinkles,,6478,24167
773985732834758656,pembroke,14,10,,,4492,11925
773922284943896577,lhasa,11,10,Winnie,pupper,1999,7110
773704687002451968,bighorn,12,10,Heinrich,,1891,7317
773670353721753600,bath_towel,12,10,Loki,,1501,5935
773547596996571136,kuvasz,10,10,Shakespeare,,7126,24553
773336787167145985,golden_retriever,11,10,Chelsea,pupper,5912,0
773191612633579521,golden_retriever,10,10,Chip,,4736,11117
772826264096874500,borzoi,11,10,,,2669,8842
772615324260794368,rottweiler,11,10,Roosevelt,,3914,0
772581559778025472,lakeland_terrier,10,10,Gromit,,1968,7192
772193107915964416,bernese_mountain_dog,10,10,,,1612,6665
772152991789019136,shetland_sheepdog,12,10,Willem,pupper,1300,4181
772117678702071809,bloodhound,10,10,,,848,4165
772114945936949249,chihuahua,12,10,Jack,,546,3005
772102971039580160,saint_bernard,10,10,Finn,,1065,4448
771770456517009408,tibetan_terrier,13,10,,doggo,3924,13356
771500966810099713,toy_poodle,11,10,Davey,,3018,9167
771380798096281600,pug,12,10,Dakota,,5912,11746
771171053431250945,siberian_husky,11,10,Fizz,,8705,0
771102124360998913,siberian_husky,11,10,Dixie,,1663,6898
771014301343748096,pug,12,10,Charlie,,1782,7032
770787852854652928,golden_retriever,7,10,,,1415,5498
770772759874076672,samoyed,12,10,,pupper,1626,5749
770743923962707968,samoyed,10,10,Winston,,52360,0
770655142660169732,german_short-haired_pointer,11,10,Sebastian,,2013,8130
770414278348247044,soft-coated_wheaten_terrier,13,10,,doggo,2390,6987
770293558247038976,mexican_hairless,11,10,very,,1718,6923
770093767776997377,saint_bernard,11,10,Al,,3520,0
770069151037685760,ice_lolly,10,10,Jackson,,2651,8385
769940425801170949,cocker_spaniel,12,10,just,doggo,11131,34948
769940425801170949,cocker_spaniel,12,10,just,pupper,11131,34948
769695466921623552,shih-tzu,10,10,Carbon,,1926,7101
769335591808995329,vizsla,12,10,Klein,,8830,0
769212283578875904,golden_retriever,13,10,Titan,,1969,5980
768970937022709760,labrador_retriever,13,10,,,7574,16017
768609597686943744,malamute,10,10,,pupper,1382,4580
768596291618299904,pug,11,10,Jesse,,1473,5592
768554158521745409,scottish_deerhound,10,10,Lou,,6719,0
768193404517830656,groenendael,12,10,Nollie,,4080,12157
767884188863397888,pembroke,11,10,Chevy,,1634,5309
767754930266464257,teddy,8,10,Gerald,doggo,6221,17814
767500508068192258,shih-tzu,10,10,Tito,,2688,8295
767191397493538821,boxer,11,10,Philbert,,4406,13643
767122157629476866,australian_terrier,12,10,Louie,,3261,11227
766864461642756096,hamster,13,10,,doggo,6521,0
766693177336135680,boston_bull,10,10,Rufus,,918,4484
766313316352462849,shih-tzu,11,10,Brudge,,2166,7493
766078092750233600,papillon,9,10,Shadoe,,2970,0
766069199026450432,maltese_dog,12,10,Oscar,,1003,4765
766008592277377025,pug,12,10,Colby,,571,4149
765719909049503744,basenji,12,10,Juno,,2475,8021
765669560888528897,old_english_sheepdog,11,10,Angel,,1407,5760
765395769549590528,soft-coated_wheaten_terrier,12,10,Brat,,3127,20539
765371061932261376,samoyed,12,10,Tove,,2475,7842
765222098633691136,pomeranian,13,10,my,,3914,12902
764857477905154048,borzoi,11,10,Louie,pupper,2029,7099
764259802650378240,briard,10,10,Gromit,,1745,6718
763956972077010945,car_mirror,12,10,Aubie,,61,812
763837565564780549,weasel,10,10,Kota,,4858,14041
763167063695355904,kuvasz,11,10,Alfie,,3484,0
763103485927849985,appenzeller,8,10,Clark,,2602,8163
762699858130116608,chihuahua,8,10,Eve,pupper,4190,13518
762471784394268675,grey_fox,10,10,Belle,,7612,12571
762464539388485633,great_dane,11,10,Leela,,4839,11503
762316489655476224,great_dane,12,10,Glenn,,1298,5350
762035686371364864,toy_poodle,12,10,Buddy,,17919,35400
761976711479193600,labrador_retriever,11,10,Scout,,2310,5992
761745352076779520,siamese_cat,12,10,Shelby,,979,4707
761672994376806400,shetland_sheepdog,10,10,,,33421,55016
761599872357261312,lhasa,11,10,,,1336,4578
761334018830917632,great_dane,11,10,Sephie,,1669,5792
761292947749015552,pembroke,13,10,,,1265,4957
761227390836215808,staffordshire_bullterrier,10,10,Bruce,,1775,5908
761004547850530816,chesapeake_bay_retriever,11,10,Bonaparte,,3952,12482
760893934457552897,labrador_retriever,10,10,Albert,,1104,4228
760656994973933572,italian_greyhound,11,10,Bo,,2210,7343
760641137271070720,boxer,11,10,Wishes,doggo,1481,5485
760539183865880579,pug,11,10,Rose,,4168,8399
760521673607086080,french_bulldog,12,10,Theo,,1608,4681
760290219849637889,samoyed,12,10,Atlas,,13140,29618
760252756032651264,brittany_spaniel,12,10,,doggo,995,4338
760190180481531904,samoyed,13,10,Rocco,,2079,6334
760153949710192640,german_short-haired_pointer,4,10,Fido,,38,0
759943073749200896,italian_greyhound,10,10,Sadie,,2382,6581
759923798737051648,norfolk_terrier,11,10,,,6521,16284
759846353224826880,chihuahua,12,10,,pupper,2265,7433
759793422261743616,shih-tzu,10,10,,,2173,6620
759566828574212096,schipperke,11,10,Kirby,,24319,0
759447681597108224,labrador_retriever,10,10,,,2827,9418
759446261539934208,cairn,10,10,Emma,,561,1846
759197388317847553,samoyed,11,10,Oakley,,2221,6725
759159934323924993,pug,10,10,,,1359,0
759099523532779520,golden_retriever,12,10,Luna,,4813,16101
759047813560868866,pembroke,11,10,,,2302,7227
758828659922702336,dandie_dinmont,11,10,Spencer,,4376,12376
758740312047005698,malinois,11,10,Lilli,,1824,6339
758474966123810816,border_terrier,13,10,,doggo,1132,4227
758467244762497024,golden_retriever,12,10,Boston,,2539,5316
758405701903519748,chihuahua,11,10,Brandonald,,2204,5756
758355060040593408,west_highland_white_terrier,165,150,,,1245,3797
758041019896193024,golden_retriever,11,10,Corey,,433,3001
757741869644341248,tennis_ball,13,10,,,3710,7613
757729163776290825,beagle,9,10,,,9299,0
757725642876129280,hamster,10,10,Leonard,,1391,5022
757611664640446465,bath_towel,11,10,Chompsky,,1272,5026
757597904299253760,american_staffordshire_terrier,11,10,Beckham,,336,0
757596066325864448,great_pyrenees,12,10,Cooper,,1219,4808
757393109802180609,rhodesian_ridgeback,4,10,,,2009,6462
757354760399941633,kuvasz,13,10,,,1637,4995
756998049151549440,white_wolf,10,10,,doggo,2271,6923
756939218950160384,chihuahua,8,10,Dev√≥n,,2295,7342
756651752796094464,border_collie,11,10,Oliver,,1511,5612
756526248105566208,yorkshire_terrier,12,10,Jax,pupper,4169,11506
756303284449767430,chihuahua,11,10,Gert,,1231,4359
756288534030475264,french_bulldog,13,10,,doggo,15071,28519
756275833623502848,toy_poodle,11,10,,,1738,7114
755955933503782912,pomeranian,12,10,,,3285,8092
755206590534418437,golden_retriever,10,10,,puppo,6148,18212
755110668769038337,boston_bull,12,10,,pupper,12621,23446
754874841593970688,west_highland_white_terrier,14,10,one,doggo,9193,0
754856583969079297,pomeranian,13,10,Watson,,2870,7616
754747087846248448,kelpie,11,10,Rubio,,591,2854
754482103782404096,bloodhound,11,10,Winnie,,2220,5852
754449512966619136,golden_retriever,12,10,Keith,,846,4147
753655901052166144,pembroke,10,10,,,2492,6458
753420520834629632,wool,12,10,Charlie,,4071,8731
753398408988139520,border_collie,10,10,,,2186,6384
753375668877008896,golden_retriever,11,10,,,2655,8411
753294487569522689,miniature_pinscher,8,10,Hank,,1191,3758
753039830821511168,pembroke,12,10,Carly,,24013,41080
752932432744185856,boxer,13,10,,,7798,13970
752917284578922496,labrador_retriever,10,10,Tayzie,,1790,7592
752701944171524096,great_pyrenees,12,10,Carl,,3291,0
752660715232722944,teddy,11,10,,,1794,4878
752568224206688256,pembroke,10,10,,doggo,2605,6140
752519690950500352,samoyed,10,10,,doggo,3917,8157
752334515931054080,chihuahua,9,10,,,1263,4238
752309394570878976,siamese_cat,11,10,,puppo,18963,0
751950017322246144,golden_retriever,13,10,,,1060,3415
751937170840121344,pug,12,10,Brody,,1530,5770
751830394383790080,norfolk_terrier,13,10,Lola,pupper,2227,6428
751793661361422336,airedale,11,10,Ruby,,3320,6479
751598357617971201,collie,12,10,Tucker,,3440,8699
751583847268179968,egyptian_cat,11,10,Fred,,1265,4849
751538714308972544,chihuahua,13,10,Toby,,1445,5547
751456908746354688,chihuahua,5,10,,doggo,1127,3516
751456908746354688,chihuahua,5,10,,pupper,1127,3516
751251247299190784,great_pyrenees,10,10,Max,,6695,13791
751205363882532864,golden_retriever,12,10,,pupper,2086,6948
751132876104687617,basenji,10,10,Gilbert,,1480,5610
750868782890057730,web_site,12,10,,,1595,5306
750719632563142656,collie,10,10,Cooper,puppo,5747,14621
750506206503038976,golden_retriever,11,10,Milo,pupper,1316,4934
750429297815552001,staffordshire_bullterrier,12,10,Meyer,,4947,14569
750383411068534784,samoyed,8,10,Malcolm,pupper,1309,5005
750381685133418496,papillon,12,10,Arnie,,39,758
750147208377409536,border_terrier,9,10,Zoe,pupper,1095,3409
750132105863102464,pembroke,13,10,,doggo,1440,3990
750117059602808832,tibetan_mastiff,13,10,,,1466,4740
750101899009982464,golden_retriever,11,10,Stewie,,959,3344
750086836815486976,chow,10,10,Calvin,,613,2383
750056684286914561,space_heater,12,10,Spanky,,1011,3444
750041628174217216,toy_poodle,10,10,,pupper,703,3502
750011400160841729,chihuahua,13,10,Beau,,1035,3568
749996283729883136,cocker_spaniel,10,10,Jax,,919,3331
749981277374128128,pug,11,10,Piper,doggo,2772,5569
749774190421639168,samoyed,12,10,Bo,,1493,5114
749417653287129088,blenheim_spaniel,1776,10,Atticus,,1904,6721
749403093750648834,bernese_mountain_dog,12,10,Lucy,,622,2892
749395845976588288,golden_retriever,11,10,Finn,pupper,3951,9488
749317047558017024,chihuahua,10,10,,,2509,6076
749075273010798592,lakeland_terrier,10,10,George,,2360,6353
749064354620928000,ram,12,10,Blu,floofer,1714,5277
749036806121881602,golden_retriever,11,10,Boomer,doggo,896,3425
748932637671223296,whippet,8,10,Dietrich,,2564,6461
748705597323898880,miniature_pinscher,10,10,not,,1067,3047
748699167502000129,toy_poodle,13,10,Divine,doggo,1814,5213
748575535303884801,malinois,11,10,Tripp,,2272,6696
748568946752774144,staffordshire_bullterrier,10,10,his,doggo,776,2411
748346686624440324,norwich_terrier,6,10,one,,1413,5735
748337862848962560,french_bulldog,12,10,Cora,,4701,8462
748324050481647620,cardigan,10,10,,,867,4078
748307329658011649,muzzle,13,10,,pupper,810,4027
748220828303695873,pug,11,10,Duke,,8825,15549
747963614829678593,chihuahua,7,10,,,2444,6397
747933425676525569,shih-tzu,13,10,,,2894,7310
747885874273214464,tennis_ball,10,10,,pupper,1116,3243
747844099428986880,pomeranian,11,10,,,851,3084
747816857231626240,golden_retriever,8,10,,,1316,5346
747651430853525504,eskimo_dog,11,10,Huxley,,179,1520
747648653817413632,schipperke,4,10,,,6614,14182
747600769478692864,hotdog,12,10,,pupper,619,2545
747594051852075008,siberian_husky,12,10,Keurig,,1205,4065
747512671126323200,borzoi,10,10,Bookstore,,1803,6110
747461612269887489,chihuahua,11,10,,,1169,4249
747439450712596480,labrador_retriever,10,10,,,2184,5965
747242308580548608,shetland_sheepdog,10,10,,,3257,0
747219827526344708,maltese_dog,12,10,Linus,,1791,5792
747204161125646336,cocker_spaniel,13,10,,pupper,1038,3722
747103485104099331,golden_retriever,11,10,Atticus,,4548,10534
746906459439529985,chow,10,10,Clark,,336,3168
746872823977771008,chihuahua,11,10,,,2429,6593
746790600704425984,pembroke,11,10,,,1806,5345
746757706116112384,toy_poodle,13,10,,,4432,10520
746726898085036033,pekinese,10,10,,,2037,6648
746542875601690625,cowboy_hat,11,10,Maddie,,2104,5520
746521445350707200,pug,12,10,Abby,,1110,0
746507379341139972,old_english_sheepdog,11,10,,floofer,1226,5094
746369468511756288,shih-tzu,10,10,Shaggy,,1854,6637
746131877086527488,pembroke,10,10,Shiloh,,2511,7565
746056683365994496,soft-coated_wheaten_terrier,9,10,,,931,3904
745789745784041472,pembroke,10,10,Gustav,,1207,4437
745712589599014916,dingo,11,10,Arlen,,2636,7652
745433870967832576,malamute,10,10,Gus,,2894,7824
745422732645535745,french_bulldog,7,10,Percy,,2768,9412
745314880350101504,leatherback_turtle,10,10,Lenox,doggo,3131,7863
745074613265149952,pembroke,9,10,very,,3976,8605
744971049620602880,dingo,12,10,Oliver,,3042,8652
744709971296780288,lakeland_terrier,9,10,Abby,puppo,1771,6150
743980027717509120,shih-tzu,13,10,,doggo,1231,4551
743835915802583040,labrador_retriever,11,10,Geno,,2387,0
743609206067040256,ice_bear,10,10,,,1560,4917
743595368194129920,labrador_retriever,10,10,,,7445,20275
743545585370791937,great_pyrenees,10,10,Stark,,1066,3863
743510151680958465,labrador_retriever,7,10,Harold,,4185,8671
743253157753532416,timber_wolf,11,10,Bentley,,1366,4624
743222593470234624,whippet,13,10,Beya,,2164,6792
743210557239623680,great_pyrenees,10,10,Kilo,puppo,1560,4215
742534281772302336,brittany_spaniel,12,10,,pupper,4011,7744
742528092657332225,golden_retriever,10,10,Kayla,,2245,4878
742465774154047488,siberian_husky,11,10,,doggo,4382,7916
742423170473463808,labrador_retriever,10,10,Maxaroni,,4319,10812
742385895052087300,pug,14,10,,pupper,2266,7457
742161199639494656,soft-coated_wheaten_terrier,12,10,Bell,,1547,4743
742150209887731712,collie,11,10,Phil,,1783,5661
741793263812808706,norfolk_terrier,12,10,Doug,,1698,4982
741438259667034112,great_pyrenees,10,10,,,937,4026
741303864243200000,brittany_spaniel,11,10,Aqua,pupper,3650,9631
741099773336379392,dingo,9,10,Tucker,,6247,10997
741067306818797568,chihuahua,12,10,Theodore,,3520,10342
740995100998766593,chihuahua,11,10,Ted,,3154,7018
740711788199743490,west_highland_white_terrier,12,10,just,doggo,1062,3736
740711788199743490,west_highland_white_terrier,12,10,just,pupper,1062,3736
740676976021798912,golden_retriever,9,10,,,7724,19881
740373189193256964,staffordshire_bullterrier,8,10,Chip,,9220,20648
740365076218183684,dandie_dinmont,11,10,Baloo,pupper,495,2727
740359016048689152,pug,9,11,,,967,3610
740214038584557568,golden_retriever,10,10,,,2220,7335
739979191639244800,yorkshire_terrier,9,10,Chase,,6719,21898
739932936087216128,siberian_husky,10,10,getting,,1217,4443
739844404073074688,pomeranian,12,10,Nollie,,966,4138
739623569819336705,malinois,10,10,Rorie,,1547,4185
739606147276148736,siberian_husky,12,10,Simba,,1876,5897
739544079319588864,golden_retriever,12,10,,doggo,24319,43694
739485634323156992,miniature_pinscher,9,10,Benji,pupper,3309,7887
739238157791694849,golden_retriever,10,10,,,52360,75163
738885046782832640,brittany_spaniel,13,10,,doggo,1283,4127
738883359779196928,malamute,13,10,,,917,3661
738537504001953792,chihuahua,11,10,Charles,,1759,5575
738184450748633089,badger,11,10,Bayley,puppo,1360,4727
738166403467907072,maltese_dog,10,10,,,3828,9635
738156290900254721,labrador_retriever,9,10,,,748,2768
737826014890496000,pomeranian,12,10,Axel,,2006,5757
737800304142471168,pembroke,10,10,Storkson,,3904,10943
737678689543020544,golden_retriever,10,10,Remy,,1509,5528
737445876994609152,dandie_dinmont,10,10,Bella,,5048,11302
737322739594330112,golden_retriever,11,10,,,907,3953
737310737551491075,swing,13,10,,floofer,8329,16040
736736130620620800,malamute,9,10,Lily,,1972,4736
736365877722001409,golden_retriever,13,10,Chadrick,,1408,4367
736225175608430592,samoyed,13,10,mad,pupper,3115,8901
736010884653420544,mexican_hairless,11,10,Rory,pupper,3355,8652
735648611367784448,pembroke,10,10,,,1237,4397
735635087207878657,rottweiler,11,10,Maxaroni,,2659,6776
735274964362878976,newfoundland,12,10,,pupper,4707,9629
735256018284875776,chihuahua,11,10,Dakota,,993,3675
735137028879360001,samoyed,11,10,,,1092,3428
734912297295085568,pomeranian,8,10,Kellogg,doggo,572,2993
734787690684657664,labrador_retriever,9,10,Buckley,pupper,7102,13745
734776360183431168,great_dane,10,10,Jax,,608,2742
734559631394082816,tennis_ball,13,10,,,451,1646
733828123016450049,golden_retriever,11,10,Livvie,,881,3926
733822306246479872,teddy,10,10,,,1141,4015
733482008106668032,samoyed,10,10,Terry,,1065,3438
733460102733135873,siamese_cat,10,10,Moose,floofer,1451,4605
733109485275860992,boxer,10,10,,,17621,44619
732732193018155009,border_collie,11,10,Hermione,,599,2671
732726085725589504,golden_retriever,12,10,,doggo,1003,3855
732726085725589504,golden_retriever,12,10,,pupper,1003,3855
732585889486888962,german_short-haired_pointer,12,10,Ralpher,,868,4016
732375214819057664,golden_retriever,11,10,Aldrick,,2838,8832
732005617171337216,boxer,10,10,,,6154,16324
731285275100512256,chow,11,10,Kyle,doggo,1090,3798
731156023742988288,toy_poodle,11,10,Larry,,1434,4196
730924654643314689,standard_poodle,12,10,Solomon,,2234,6682
730573383004487680,miniature_pinscher,204,170,this,,2435,5407
730427201120833536,soft-coated_wheaten_terrier,9,10,unacceptable,,1176,3809
730211855403241472,teddy,10,10,Rooney,pupper,1182,4180
730196704625098752,flat-coated_retriever,11,10,Crystal,,2172,5339
729854734790754305,bonnet,11,10,Ziva,,1268,4396
729838605770891264,toy_poodle,6,10,Charles,,431,1856
729823566028484608,pomeranian,11,10,Ollie,,1390,4358
729463711119904772,great_pyrenees,12,10,,,2586,6340
729113531270991872,border_collie,13,10,Stefan,,370,2054
728986383096946689,cocker_spaniel,13,10,Pupcasso,,917,3460
728760639972315136,handkerchief,10,10,,,1911,5090
728751179681943552,newfoundland,11,10,Puff,,757,3032
728653952833728512,collie,13,10,,,1169,3620
728409960103686147,siamese_cat,10,10,Flurpson,,2269,5383
728046963732717569,saint_bernard,10,10,Wallace,,1328,4722
728035342121635841,pembroke,12,10,Enchilada,,1872,4953
728015554473250816,maltese_dog,11,10,Raymond,,1219,4479
727644517743104000,german_shepherd,11,10,Rueben,pupper,1962,6431
727524757080539137,kelpie,12,10,Cilantro,,1379,4900
727155742655025152,pug,9,10,,,1490,3983
726935089318363137,eskimo_dog,10,10,Karll,,2738,7496
726887082820554753,american_staffordshire_terrier,11,10,,,1677,4195
726828223124897792,polecat,12,10,Sprout,,1124,3882
725842289046749185,pembroke,12,10,Bloop,,2970,7691
725786712245440512,english_setter,9,10,,,1527,4537
725729321944506368,tennis_ball,12,10,Colby,,2009,5646
725458796924002305,staffordshire_bullterrier,11,10,Lillie,pupper,703,1541
724983749226668032,pomeranian,12,10,Lola,,1462,4040
724771698126512129,koala,13,10,,,725,2593
724405726123311104,golden_retriever,12,10,Fred,,1847,5800
724049859469295616,chow,11,10,,doggo,1984,4738
724046343203856385,french_bulldog,10,10,Ashleigh,pupper,620,2901
724004602748780546,lhasa,10,10,Kreggory,,1790,4561
723912936180330496,beagle,10,10,Sarge,,1374,4236
723688335806480385,siberian_husky,11,10,Luther,pupper,3347,8435
723673163800948736,golden_retriever,12,10,Sugar,,1011,3291
723179728551723008,maltese_dog,12,10,Reginald,,2110,5761
722974582966214656,walker_hound,10,10,Ivar,,1764,4493
722613351520608256,staffordshire_bullterrier,8,10,Jangle,,1831,5393
721001180231503872,pug,12,10,Schnitzel,,686,2748
720785406564900865,pembroke,11,10,Panda,,866,3400
720775346191278080,cocker_spaniel,11,10,Oliver,pupper,760,2702
720415127506415616,golden_retriever,12,10,Archie,,1681,4503
720389942216527872,labrador_retriever,10,10,Berkeley,,2840,6974
720340705894408192,cup,10,10,,,1098,3131
720059472081784833,schipperke,11,10,Ralph√©,,1268,4229
719704490224398336,samoyed,11,10,Neptune,,1645,4974
719551379208073216,pembroke,10,10,,doggo,2192,5515
719367763014393856,malamute,12,10,Clyde,pupper,827,3022
719339463458033665,vizsla,10,10,Harnold,,1403,4822
719332531645071360,pug,11,10,Sid,,1078,3711
718971898235854848,keeshond,10,10,Lucy,,1231,3818
718939241951195136,bedlington_terrier,11,10,Pippa,,1973,5720
718631497683582976,cocker_spaniel,10,10,Sadie,,9126,20697
718613305783398402,chow,12,10,Otis,,542,2669
718540630683709445,labrador_retriever,10,10,,,1137,2730
718460005985447936,bath_towel,11,10,Carper,,602,2846
718454725339934721,eskimo_dog,10,10,,,1685,5320
718246886998687744,walker_hound,9,10,Bowie,,565,2115
718234618122661888,labrador_retriever,13,10,,,1127,4217
717841801130979328,blenheim_spaniel,3,10,Alexanderson,,670,2660
717790033953034240,toy_poodle,11,10,Suki,,1272,3170
717537687239008257,redbone,11,10,Barclay,,2069,6281
717428917016076293,irish_water_spaniel,10,10,,pupper,510,1748
717421804990701568,chesapeake_bay_retriever,11,10,,,945,3446
717047459982213120,golden_retriever,11,10,Skittle,,2135,6826
716802964044845056,golden_retriever,12,10,Fl√°vio,,1317,4627
716791146589110272,wombat,10,10,Smokey,pupper,1474,5204
716447146686459905,toy_poodle,11,10,Jennifur,,6643,14327
716439118184652801,malamute,12,10,,,247,2574
716285507865542656,golden_retriever,13,10,Ozzy,pupper,1225,3041
716080869887381504,chihuahua,50,50,Bluebert,,1935,5272
715928423106027520,chesapeake_bay_retriever,12,10,Stephanus,,987,3485
715758151270801409,labrador_retriever,11,10,,doggo,1596,4085
715733265223708672,kuvasz,11,10,Bubbles,,1920,5093
715704790270025728,siamese_cat,13,10,old,,634,3055
715680795826982913,cardigan,11,10,Bentley,,1813,4719
715360349751484417,pug,10,10,Toby,,1772,5955
715200624753819648,golden_retriever,10,10,Oscar,,2110,5578
715009755312439296,kuvasz,10,10,Nico,,1392,4550
714982300363173890,malamute,12,10,Michelangelope,,1166,4094
714957620017307648,rapeseed,9,10,Calbert,,1595,4503
714606013974974464,weimaraner,10,10,Curtis,,1038,3938
714485234495041536,dalmatian,4,10,Benedict,,1313,2962
714258258790387713,bull_mastiff,12,10,,,808,3281
714251586676113411,labrador_retriever,10,10,Blitz,,940,3570
714214115368108032,samoyed,10,10,Travis,,990,2480
714141408463036416,shetland_sheepdog,8,10,Thumas,,1569,4673
713919462244790272,toy_poodle,13,10,,,869,3564
713909862279876608,old_english_sheepdog,10,10,,,616,2078
713900603437621249,shetland_sheepdog,12,10,Kanu,,829,3062
713411074226274305,labrador_retriever,99,90,,,1440,4802
713177543487135744,barrow,12,10,Piper,,3183,7854
713175907180089344,seat_belt,11,10,,,1630,4851
712809025985978368,pekinese,10,10,Lance,,7602,20378
712717840512598017,shetland_sheepdog,10,10,Opie,,5616,13474
712668654853337088,chow,10,10,Stubert,,1367,4531
712438159032893441,german_shepherd,10,10,,,1756,5799
712309440758808576,toy_poodle,10,10,Sunny,,26,269
712097430750289920,golden_retriever,11,10,Kane,,1172,4144
712092745624633345,boston_bull,12,10,,pupper,1016,3211
712085617388212225,dingo,10,10,,,556,3531
712065007010385924,pembroke,7,10,Steven,,700,2451
711968124745228288,labrador_retriever,6,10,Chester,,2601,8776
711732680602345472,shetland_sheepdog,10,10,Winston,pupper,4653,9756
711652651650457602,cardigan,10,10,,,1037,4228
711363825979756544,basenji,13,10,,,1287,3996
711306686208872448,chesapeake_bay_retriever,9,10,Gary,,819,3596
711008018775851008,pembroke,11,10,,,710,3275
710997087345876993,pembroke,3,10,,,1561,4960
710844581445812225,kuvasz,11,10,Chuckles,pupper,779,2775
710833117892898816,samoyed,12,10,Milo,,606,2937
710658690886586372,kelpie,10,10,Staniel,,636,2529
710588934686908417,shetland_sheepdog,80,80,,,2107,4968
710296729921429505,borzoi,12,10,,,833,2574
710283270106132480,tibetan_terrier,12,10,Beemo,,580,2308
710272297844797440,muzzle,12,10,Oshie,,1425,4945
710153181850935296,pembroke,11,10,infuriating,,1006,3153
710117014656950272,borzoi,11,10,Lacy,,2233,5999
709918798883774466,german_short-haired_pointer,8,10,Tater,,1215,3250
709901256215666688,sulphur-crested_cockatoo,11,10,,pupper,112,732
709852847387627521,pug,12,10,Watson,,1336,3824
709566166965075968,wire-haired_fox_terrier,12,10,,,1367,3865
709556954897764353,pomeranian,12,10,,,1204,3593
709519240576036864,chesapeake_bay_retriever,12,10,Olaf,,277,1620
709449600415961088,papillon,12,10,Cecil,,665,2420
709409458133323776,pekinese,9,10,Vince,,788,2855
709207347839836162,old_english_sheepdog,8,10,Billy,,6567,13755
709198395643068416,muzzle,11,10,Walker,,721,2634
709179584944730112,standard_poodle,11,10,Penny,,763,2213
709158332880297985,labrador_retriever,45,50,,,470,2236
709042156699303936,saluki,13,10,Sammy,,1864,5197
708853462201716736,redbone,10,10,Rodney,,745,1941
708845821941387268,pug,9,10,Klevin,,1015,3226
708834316713893888,golden_retriever,8,10,Lucy,,571,1860
708810915978854401,shih-tzu,9,10,,pupper,7848,18036
708738143638450176,toy_poodle,10,10,Malikai,,917,2997
708711088997666817,pug,10,10,Mister,,834,2790
708479650088034305,border_collie,11,10,Coco,,765,2768
708469915515297792,golden_retriever,11,10,Smokey,,926,3357
708356463048204288,pembroke,11,10,Bobble,,1520,3929
708349470027751425,toy_poodle,12,10,,,831,2568
708149363256774660,labrador_retriever,10,10,Oliver,,1727,4672
708130923141795840,labrador_retriever,11,10,River,,943,3707
708119489313951744,walker_hound,10,10,Jebberson,,1102,2937
708109389455101952,golden_retriever,11,10,,,610,2124
708026248782585858,labrador_retriever,9,10,Cooper,,2166,4799
707995814724026368,dalmatian,10,10,Remington,,1273,3385
707983188426153984,toy_poodle,13,10,,,2,52
707969809498152960,chow,12,10,Farfle,,1097,2941
707776935007539200,lakeland_terrier,12,10,,,1079,3593
707741517457260545,labrador_retriever,11,10,Rufus,,696,2718
707738799544082433,upright,11,10,Sadie,,2785,4495
707693576495472641,bedlington_terrier,10,10,,,1133,3765
707629649552134146,swing,12,10,,,997,2834
707610948723478529,goose,7,10,Jiminus,,7236,18557
707420581654872064,german_shepherd,10,10,,,789,2499
707411934438625280,german_shepherd,12,10,Harper,,673,2486
707387676719185920,pembroke,4,10,Keurig,,1490,3835
707377100785885184,chow,11,10,,pupper,1214,3603
707315916783140866,bluetick,10,10,Clarkus,,727,2698
707297311098011648,whippet,9,10,,,903,3022
707038192327901184,miniature_pinscher,10,10,Cassie,,900,2404
707021089608753152,french_bulldog,11,10,Cupcake,,1540,4433
707014260413456384,chow,10,10,Kathmandu,,664,2502
706904523814649856,beagle,12,10,Tucker,,8830,15961
706644897839910912,golden_retriever,3,10,Elliot,,1224,2814
706593038911545345,pug,12,10,Katie,,718,2363
706538006853918722,labrador_retriever,9,10,Shadow,,1580,3778
706346369204748288,pekinese,11,10,Oliver,,1035,3768
706310011488698368,airedale,12,10,,,9034,23443
706291001778950144,conch,12,10,Koda,,522,1861
706265994973601792,golden_retriever,12,10,,pupper,1030,2979
706166467411222528,pembroke,11,10,Kara,,1819,5636
706153300320784384,golden_retriever,12,10,,,437,1632
705975130514706432,golden_retriever,7,10,Dexter,,842,3397
705970349788291072,italian_greyhound,13,10,Layla,,1008,3440
705898680587526145,labrador_retriever,10,10,Adele,pupper,643,2597
705786532653883392,seat_belt,12,10,Lucy,,596,2132
705442520700944385,bluetick,11,10,,,1859,4877
705428427625635840,seat_belt,12,10,Zara,,1931,4188
705239209544720384,cash_machine,12,10,Cooper,,854,3290
705223444686888960,skunk,11,10,Ambrose,pupper,900,2829
705102439679201280,bookshop,11,10,Jimothy,,585,2342
705066031337840642,pembroke,9,10,Bode,,683,2378
704871453724954624,chesapeake_bay_retriever,10,10,Terrenth,,1245,4585
704859558691414016,labrador_retriever,12,10,Reese,,612,2462
704847917308362754,pembroke,12,10,,,1727,5594
704819833553219584,chesapeake_bay_retriever,10,10,,pupper,1136,2906
704761120771465216,chesapeake_bay_retriever,12,10,,,3257,7283
704499785726889984,barrow,7,10,Chesterson,,1124,3212
704491224099647488,labrador_retriever,13,10,,pupper,97,840
704480331685040129,shetland_sheepdog,12,10,,,1197,3723
704364645503647744,irish_terrier,13,10,,,3999,8804
704347321748819968,kuvasz,11,10,Lucia,,393,1729
704134088924532736,kuvasz,12,10,Bisquick,,519,1653
704113298707505153,golden_retriever,10,10,Ralphson,pupper,629,2031
704054845121142784,labrador_retriever,12,10,,pupper,1028,3201
703774238772166656,golden_retriever,8,10,Stanley,,526,2020
703769065844768768,sussex_spaniel,60,50,,,1276,3621
703631701117943808,labrador_retriever,10,10,,,772,2853
703407252292673536,old_english_sheepdog,10,10,Scooter,pupper,786,2685
703382836347330562,samoyed,9,10,,,1285,3837
703268521220972544,golden_retriever,12,10,Charlie,,618,2152
703079050210877440,blenheim_spaniel,9,10,Socks,,3494,8064
703041949650034688,golden_retriever,12,10,,pupper,14198,28996
702932127499816960,cougar,11,10,,,811,2825
702899151802126337,standard_poodle,10,10,,,509,1772
702684942141153280,norwegian_elkhound,6,10,Chip,,1215,3516
702598099714314240,gordon_setter,11,10,Lucy,,3712,11332
702321140488925184,golden_retriever,12,10,,,1156,3604
702276748847800320,labrador_retriever,13,10,Rudy,,860,2706
701952816642965504,chow,9,10,,,1149,4167
701889187134500865,samoyed,12,10,Fiji,,1558,3905
701805642395348998,kelpie,11,10,Rilo,,1900,3752
701601587219795968,seat_belt,11,10,Bilbo,,523,2299
701570477911896070,miniature_poodle,11,10,,pupper,1055,3080
701545186879471618,malamute,10,10,Coopson,,680,2902
701214700881756160,german_shepherd,9,10,Yoda,,5812,13475
700890391244103680,bernese_mountain_dog,10,10,Millie,pupper,653,2437
700864154249383937,dalmatian,12,10,,,685,2828
700847567345688576,golden_retriever,11,10,Chet,,558,2637
700796979434098688,pembroke,12,10,,pupper,1085,2669
700747788515020802,beagle,10,10,Crouton,,10673,25130
700518061187723268,golden_retriever,7,10,Daniel,,915,2887
700505138482569216,welsh_springer_spaniel,11,10,very,,646,2487
700462010979500032,redbone,10,10,Vincent,,2031,4537
700167517596164096,toy_poodle,12,10,Kaia,,836,2903
700151421916807169,toy_poodle,6,10,Murphy,,754,2450
700143752053182464,keeshond,10,10,Dotsy,,3129,8282
700062718104104960,doberman,11,10,,pupper,778,2890
700029284593901568,beagle,10,10,,pupper,661,2262
700002074055016451,toy_poodle,6,10,Eazy,,1529,3627
699788877217865730,chow,9,10,Thumas,,557,2458
699779630832685056,vizsla,11,10,Cooper,pupper,1397,3039
699446877801091073,labrador_retriever,11,10,Fillup,,2938,6515
699434518667751424,great_pyrenees,5,10,Dave,,577,2384
699423671849451520,basenji,12,10,Archie,,383,1505
699413908797464576,chow,12,10,,pupper,688,2258
699370870310113280,pomeranian,10,10,,,497,2053
699323444782047232,golden_retriever,11,10,Miley,,983,3466
699088579889332224,pug,11,10,Calbert,,715,2451
699079609774645248,miniature_pinscher,10,10,,,745,2677
699072405256409088,boston_bull,3,10,Charl,,1325,3296
699060279947165696,golden_retriever,8,10,Reagan,,2059,4173
699036661657767936,italian_greyhound,12,10,,,1345,2863
698989035503689728,maillot,12,10,Yukon,,1113,3701
698907974262222848,chow,13,10,Oliver,,699,2787
698710712454139905,bernese_mountain_dog,11,10,CeCe,,774,2710
698549713696649216,labrador_retriever,7,10,Rusty,,704,2536
698355670425473025,bathtub,12,10,,,516,2046
698342080612007937,samoyed,9,10,Claude,,1074,2485
698262614669991936,collie,10,10,Jessiga,,2268,5214
698195409219559425,labrador_retriever,11,10,Maximus,,6750,18408
698178924120031232,papillon,11,10,Franklin,,830,3084
697995514407682048,pembroke,9,10,Beau,,372,1665
697990423684476929,chihuahua,10,10,Lily,,1451,3592
697943111201378304,labrador_retriever,11,10,,,776,2638
697881462549430272,golden_retriever,11,10,Doug,,1337,3313
697630435728322560,pembroke,10,10,Cassie,,614,1909
697616773278015490,newfoundland,10,10,Carter,,1144,3467
697596423848730625,dalmatian,8,10,,,1425,3306
697575480820686848,basset,11,10,,pupper,572,2250
697516214579523584,tabby,11,10,,pupper,1282,2281
697482927769255936,blenheim_spaniel,8,10,Ole,,765,2662
697463031882764288,seat_belt,9,10,Pherb,,1552,3748
697270446429966336,shopping_cart,11,10,Blipson,,2087,5131
697259378236399616,norwegian_elkhound,44,40,,,1136,3611
697255105972801536,old_english_sheepdog,10,10,Bentley,,1315,3316
697242256848379904,silky_terrier,8,10,getting,,751,2753
696900204696625153,pomeranian,10,10,Charlie,,1156,3492
696894894812565505,giant_panda,10,10,Oakley,,758,2594
696886256886657024,eskimo_dog,12,10,Rosie,,2016,5317
696877980375769088,walker_hound,9,10,,,802,2689
696754882863349760,toy_poodle,12,10,,,396,1615
696744641916489729,chow,9,10,Misty,pupper,1069,2293
696713835009417216,beagle,10,10,Reptar,,757,2613
696488710901260288,chow,10,10,,pupper,1166,2788
696405997980676096,golden_retriever,1,10,,,1284,3531
696100768806522880,web_site,12,10,,,750,2125
695794761660297217,rottweiler,10,10,,pupper,880,3490
695767669421768709,samoyed,11,10,,,854,2060
695629776980148225,labrador_retriever,13,10,Wyatt,,2377,5020
695446424020918272,toy_poodle,13,10,,,2026,4787
695409464418041856,chihuahua,8,10,Calvin,,4017,9460
695314793360662529,chihuahua,12,10,,,1675,4004
695095422348574720,chow,10,10,Bob,,684,2888
695074328191332352,golden_retriever,10,10,Colin,,1239,3116
695064344191721472,cocker_spaniel,12,10,just,pupper,685,1771
695051054296211456,afghan_hound,11,10,Lorenzo,pupper,885,2918
694925794720792577,clumber,4,10,,,1043,2965
694905863685980160,german_shepherd,6,10,Brian,,1053,3046
694669722378485760,boston_bull,5,10,,,13517,26068
694356675654983680,collie,10,10,Archie,,328,1653
694342028726001664,pembroke,10,10,,pupper,557,1727
694329668942569472,airedale,10,10,Olivi√©r,,569,2203
694206574471057408,german_shepherd,11,10,,,2297,4582
694183373896572928,staffordshire_bullterrier,9,10,Grady,pupper,1040,3236
694001791655137281,cocker_spaniel,10,10,,,1176,3705
693993230313091072,chihuahua,9,10,Lola,,457,2044
693942351086120961,toy_poodle,11,10,Chester,,413,1896
693644216740769793,golden_retriever,10,10,Kobe,,150,1473
693642232151285760,vizsla,7,10,,,472,2790
693629975228977152,great_dane,10,10,,,894,2685
693622659251335168,pug,9,10,Freddery,,422,1691
693590843962331137,pug,12,10,,pupper,2233,5565
693582294167244802,golden_retriever,10,10,,,292,1802
693486665285931008,saint_bernard,3,10,Phil,pupper,698,1941
693280720173801472,siberian_husky,11,10,,,1403,3669
693267061318012928,chesapeake_bay_retriever,11,10,Lincoln,,925,2622
693231807727280129,shetland_sheepdog,12,10,Oscar,,841,3133
693155686491000832,mexican_hairless,11,10,,pupper,3622,8668
693109034023534592,tennis_ball,9,10,Bodie,,695,1889
693095443459342336,pembroke,12,10,Dunkin,,523,2056
692905862751522816,golden_retriever,10,10,Milo,pupper,998,2683
692901601640583168,briard,9,10,,,682,1971
692894228850999298,malamute,10,10,Wally,pupper,910,2511
692828166163931137,irish_setter,10,10,,,998,3148
692752401762250755,golden_retriever,10,10,Tupawc,,4124,7496
692568918515392513,seat_belt,12,10,,pupper,1737,4739
692535307825213440,chesapeake_bay_retriever,13,10,,pupper,1529,3504
692530551048294401,cardigan,12,10,Chester,,474,2021
692423280028966913,cardigan,10,10,Amber,,265,1618
692417313023332352,norwegian_elkhound,10,10,Cody,,3917,10275
692187005137076224,chihuahua,9,10,,,929,2768
692158366030913536,chow,7,10,Herschel,pupper,896,2369
692142790915014657,lakeland_terrier,12,10,,,438,1798
692017291282812928,miniature_poodle,13,10,,,1081,3153
691820333922455552,malamute,13,10,Teddy,,1860,4329
691793053716221953,chow,9,10,Kingsley,,4732,8910
691756958957883396,seat_belt,8,10,Brockly,,1161,3179
691675652215414786,teddy,10,10,,,577,2116
691483041324204033,miniature_pinscher,10,10,,,656,2608
691444869282295808,great_pyrenees,5,10,,,955,2890
691416866452082688,teddy,12,10,Leo,,8689,21253
691321916024623104,golden_retriever,12,10,Bailey,,747,2828
691096613310316544,labrador_retriever,13,10,,,1019,3253
691090071332753408,golden_retriever,11,10,Molly,,385,1867
690989312272396288,pembroke,11,10,,,3282,6513
690959652130045952,leonberg,12,10,,,1421,3902
690938899477221376,pomeranian,12,10,,,2245,4536
690932576555528194,golden_retriever,11,10,,,1143,3602
690735892932222976,seat_belt,10,10,,,1442,4134
690728923253055490,chihuahua,12,10,Buddy,,597,2384
690690673629138944,german_shepherd,13,10,Peaches,,898,2547
690649993829576704,pug,8,10,Vinscent,,325,1435
690597161306841088,golden_retriever,11,10,Hazel,,681,2163
690400367696297985,chow,12,10,,,509,2041
690374419777196032,samoyed,11,10,Lolo,,972,3560
690360449368465409,golden_retriever,10,10,Eriq,,1006,2925
690348396616552449,cocker_spaniel,11,10,Phred,,573,1644
690248561355657216,remote_control,9,10,,,477,1845
690021994562220032,chihuahua,12,10,Oddie,,1180,3056
690015576308211712,malamute,11,10,Maxwell,,836,2740
690005060500217858,schipperke,10,10,Geoff,,1907,4004
689999384604450816,chesapeake_bay_retriever,12,10,,pupper,424,1561
689993469801164801,chow,10,10,,,518,1618
689977555533848577,tub,10,10,Covach,,502,1490
689905486972461056,labrador_retriever,12,10,,floofer,787,2651
689877686181715968,pembroke,12,10,,,1344,3323
689835978131935233,refrigerator,11,10,Gizmo,pupper,850,2369
689661964914655233,bernese_mountain_dog,9,10,Durg,,1052,3501
689659372465688576,tub,11,10,Fynn,,4412,11394
689623661272240129,dishwasher,12,10,Luca,,748,2467
689599056876867584,cocker_spaniel,8,10,Ricky,,6265,12795
689557536375177216,malamute,10,10,Lucy,pupper,519,2257
689517482558820352,miniature_pinscher,11,10,,,1609,3735
689289219123089408,pembroke,12,10,,,1056,2476
689283819090870273,golden_retriever,12,10,Carl,,1250,3624
689280876073582592,komondor,13,10,,,819,2197
689275259254616065,cocker_spaniel,9,10,Chipson,,285,1273
689255633275777024,yorkshire_terrier,10,10,Herald,,1212,2805
688916208532455424,labrador_retriever,9,10,,,983,3003
688898160958271489,italian_greyhound,11,10,,pupper,890,2307
688894073864884227,golden_retriever,8,10,Clarence,,792,2462
688828561667567616,lakeland_terrier,10,10,,,420,1508
688804835492233216,labrador_retriever,7,10,Hamrick,pupper,227,1043
688789766343622656,doormat,9,10,Brad,,759,2434
688547210804498433,wire-haired_fox_terrier,12,10,,,789,2862
688519176466644993,golden_retriever,8,10,Pubert,,825,2520
688385280030670848,basset,9,10,Fr√∂nq,,5035,10180
688211956440801280,siberian_husky,12,10,,pupper,937,2426
688179443353796608,afghan_hound,12,10,Louis,,669,2328
688116655151435777,golden_retriever,13,10,Derby,,888,3093
688064179421470721,miniature_pinscher,10,10,Lizzie,pupper,408,1878
687841446767013888,golden_retriever,10,10,,,2872,6009
687826841265172480,old_english_sheepdog,11,10,Kilo,,1292,2989
687818504314159109,labrador_retriever,13,10,,,1080,2758
687732144991551489,samoyed,12,10,,pupper,750,1935
687704180304273409,cocker_spaniel,11,10,Trooper,,950,2660
687664829264453632,teddy,11,10,Ember,,576,2121
687494652870668288,schipperke,9,10,Blakely,pupper,654,2104
687476254459715584,golden_retriever,7,10,Marq,,619,2187
687460506001633280,golden_retriever,12,10,,,614,2243
687399393394311168,golden_retriever,11,10,Curtis,pupper,702,2081
687317306314240000,chow,10,10,Kramer,,10411,22073
687312378585812992,cardigan,10,10,Barry,,2146,4777
687127927494963200,golden_retriever,11,10,Tyrone,,2591,6004
687124485711986689,golden_retriever,7,10,,pupper,577,2371
687109925361856513,pekinese,9,10,Gordon,,2803,6370
687102708889812993,cocker_spaniel,11,10,Samson,,1124,2571
687096057537363968,american_staffordshire_terrier,11,10,Baxter,,695,2449
686947101016735744,cardigan,5,10,,,3582,9433
686760001961103360,collie,11,10,,pupper,1551,3852
686749460672679938,pembroke,11,10,Jackson,,1666,3812
686730991906516992,american_staffordshire_terrier,12,10,,pupper,1350,4543
686683045143953408,pekinese,8,10,,,912,3072
686618349602762752,papillon,12,10,,,1544,4042
686606069955735556,beagle,11,10,Mona,pupper,607,2071
686394059078897668,english_springer,11,10,Olivia,pupper,769,1928
686386521809772549,chow,10,10,Horace,,996,3553
686358356425093120,chihuahua,11,10,Crimson,,776,2398
686286779679375361,labrador_retriever,10,10,Birf,pupper,1887,4392
686050296934563840,west_highland_white_terrier,10,10,,,836,2420
686035780142297088,siberian_husky,12,10,,,138,1274
686034024800862208,norfolk_terrier,11,10,Fl√°vio,,1324,3424
686007916130873345,malamute,4,20,,,472,2704
686003207160610816,miniature_pinscher,12,10,,,735,2009
685973236358713344,border_collie,11,10,,pupper,611,2326
685943807276412928,chow,3,10,Hammond,,696,1801
685681090388975616,golden_retriever,8,10,,pupper,140,2069
685667379192414208,golden_retriever,9,10,Olive,,666,2579
685547936038666240,pembroke,12,10,Brooks,,17465,35052
685532292383666176,cocker_spaniel,7,10,Otis,pupper,1298,3336
685325112850124800,dalmatian,14,10,,pupper,4535,10471
685321586178670592,cocker_spaniel,9,10,,,735,2910
685307451701334016,pembroke,10,10,Rocky,,496,2262
685268753634967552,staffordshire_bullterrier,11,10,,,1371,3419
685198997565345792,eskimo_dog,11,10,Petrick,floofer,764,2566
685169283572338688,chihuahua,10,10,Hubertson,pupper,1620,4489
684969860808454144,labrador_retriever,11,10,Alfie,,421,2374
684940049151070208,golden_retriever,5,10,,,1191,3523
684926975086034944,cocker_spaniel,5,10,Jerry,,552,3849
684914660081053696,chow,12,10,Oreo,,1662,3848
684902183876321280,pembroke,11,10,Bruiser,,605,2053
684830982659280897,labrador_retriever,11,10,Perry,,24514,38551
684800227459624960,lakeland_terrier,5,10,,pupper,1124,2979
684594889858887680,miniature_pinscher,13,10,,pupper,4016,9843
684567543613382656,chow,10,10,,,1418,3312
684538444857667585,tibetan_mastiff,12,10,,pupper,1085,2915
684481074559381504,pembroke,4,10,Bobby,,1320,4249
684241637099323392,malinois,10,10,Pippa,,3727,8999
684225744407494656,siberian_husky,10,10,Jeph,,239,1369
684222868335505415,norwegian_elkhound,12,10,Obi,,1563,4225
684200372118904832,irish_setter,143,130,,,1177,2394
684195085588783105,chow,121,110,,,595,2108
684188786104872960,cardigan,6,10,,,1343,3831
684177701129875456,vizsla,9,10,Tino,,764,2215
684147889187209216,arabian_camel,10,10,,,1703,3265
684122891630342144,golden_retriever,10,10,Kulet,,539,2176
684097758874210310,seat_belt,12,10,Sweets,pupper,1621,4515
683857920510050305,chihuahua,11,10,,,1262,4163
683852578183077888,golden_retriever,10,10,Lupe,,397,2111
683849932751646720,labrador_retriever,10,10,Sadie,,1116,2896
683834909291606017,golden_retriever,10,10,Tiger,,1265,2880
683828599284170753,cocker_spaniel,5,10,Jiminy,,1195,3053
683773439333797890,airedale,9,10,,pupper,1533,3684
683742671509258241,seat_belt,12,10,,pupper,3781,7162
683515932363329536,rottweiler,9,10,Buddy,,3291,8058
683498322573824003,vizsla,11,10,Sebastian,,1095,3469
683481228088049664,pomeranian,11,10,,,1118,2878
683462770029932544,greater_swiss_mountain_dog,11,10,Griffin,,761,2676
683449695444799489,labrador_retriever,11,10,Banjo,pupper,1837,4290
683391852557561860,norwich_terrier,8,10,,pupper,2702,8356
683357973142474752,staffordshire_bullterrier,10,10,,,1059,3238
683142553609318400,malamute,11,10,Jack,,1173,3162
683111407806746624,malamute,10,10,,,1034,3736
683098815881154561,flat-coated_retriever,9,10,Brandy,pupper,736,2361
683078886620553216,golden_retriever,10,10,Larry,pupper,634,2176
683030066213818368,pembroke,12,10,,,832,2370
682962037429899265,beagle,9,10,,pupper,15043,26239
682808988178739200,pekinese,10,10,Lulu,,210,1953
682788441537560576,staffordshire_bullterrier,7,11,Darrel,,1258,2706
682750546109968385,golden_retriever,20,16,,,494,1674
682697186228989953,bath_towel,12,10,,pupper,397,1440
682638830361513985,irish_setter,12,10,,,675,2266
682429480204398592,bull_mastiff,11,10,Joey,,1320,3769
682406705142087680,golden_retriever,12,10,,,2019,8319
682393905736888321,toy_terrier,8,10,,,773,2441
682389078323662849,doberman,7,10,Patrick,pupper,518,1828
682303737705140231,great_dane,11,10,Kreg,,1135,3389
682259524040966145,dingo,9,10,Brody,,1375,4578
682242692827447297,norwegian_elkhound,9,10,Todo,,1341,3566
682088079302213632,beagle,9,10,Jax,,11271,20108
682059653698686977,siamese_cat,11,10,Samson,,1915,5442
682047327939461121,doormat,12,10,,,1088,3525
682032003584274432,golden_retriever,11,10,Tess,,2294,7223
682003177596559360,cocker_spaniel,10,10,,,1722,3464
681981167097122816,samoyed,11,10,Ulysses,,1161,3043
681891461017812993,malamute,5,10,,,951,2706
681694085539872773,french_bulldog,12,10,Jimothy,,4581,14010
681679526984871937,siberian_husky,10,10,Charlie,pupper,499,1923
681654059175129088,labrador_retriever,11,10,Bo,pupper,1045,2903
681610798867845120,golden_retriever,7,10,,pupper,533,2100
681579835668455424,miniature_poodle,12,10,Toffee,pupper,1489,3893
681523177663676416,golden_retriever,12,10,,,6620,15749
681340665377193984,dalmatian,8,10,Apollo,,313,1803
681320187870711809,german_shepherd,5,10,,,863,2918
681302363064414209,border_collie,9,10,Asher,,2072,4347
681297372102656000,tibetan_mastiff,11,10,Glacier,,1091,3490
681281657291280384,chihuahua,3,10,Chuck,,1258,3520
681261549936340994,english_setter,12,10,actually,,308,1597
681242418453299201,pomeranian,11,10,Sarge,,624,1645
681231109724700672,labrador_retriever,9,10,Panda,,540,2629
680970795137544192,chihuahua,11,10,,pupper,749,2665
680959110691590145,malamute,11,10,Aspen,,2243,4986
680940246314430465,dishwasher,9,10,,,1225,3544
680934982542561280,kelpie,9,10,Ozzie,,497,2285
680913438424612864,saluki,4,10,Alice,,705,2609
680889648562991104,golden_retriever,10,10,Sadie,,418,1945
680836378243002368,tibetan_mastiff,11,10,Griswold,,1513,3766
680805554198020098,doberman,9,10,Cheesy,,751,2370
680801747103793152,ice_bear,12,10,Ellie,pupper,925,2600
680798457301471234,pug,9,10,,,1182,3134
680609293079592961,curly-coated_retriever,10,10,,,816,2906
680583894916304897,cocker_spaniel,6,10,Moofasa,,1514,3939
680497766108381184,golden_retriever,9,10,Brody,,2162,4639
680494726643068929,miniature_schnauzer,8,10,Penny,,542,1879
680473011644985345,swing,12,10,Percy,,844,2778
680440374763077632,norwegian_elkhound,26,10,,,564,1583
680221482581123072,chihuahua,10,10,Hector,pupper,329,1598
680206703334408192,labrador_retriever,11,10,,,1323,3115
680191257256136705,standard_poodle,10,10,CeCe,,577,2356
680145970311643136,standard_poodle,10,10,,pupper,1972,3955
680130881361686529,border_terrier,12,10,Goliath,,1078,2519
680115823365742593,rottweiler,10,10,Kawhi,pupper,1028,2972
680100725817409536,cardigan,10,10,Reggie,,1554,3891
680085611152338944,acorn_squash,9,10,Ozzy,,10034,13959
680055455951884288,american_staffordshire_terrier,12,10,by,,8067,18278
679872969355714560,gordon_setter,10,10,Sammy,,749,2365
679862121895714818,golden_retriever,5,10,Penelope,,706,2678
679854723806179328,west_highland_white_terrier,10,10,Rocco,,1402,3143
679844490799091713,golden_retriever,11,10,,,887,2593
679828447187857408,old_english_sheepdog,7,10,Bruce,,15839,39726
679777920601223168,pomeranian,10,10,Willie,,1281,3390
679736210798047232,german_shepherd,13,10,,pupper,918,2311
679729593985699840,irish_setter,10,10,Rinna,pupper,937,2367
679722016581222400,doberman,9,10,,,539,1817
679530280114372609,golden_retriever,8,10,Hunter,,2347,5208
679527802031484928,saint_bernard,8,10,Mike,,823,2892
679511351870550016,golden_retriever,7,10,,,1461,3711
679503373272485890,samoyed,11,10,,pupper,1673,3484
679475951516934144,pomeranian,7,10,William,,728,2304
679462823135686656,samoyed,8,10,Dwight,pupper,21324,34856
679405845277462528,cocker_spaniel,9,10,Evy,,1364,2594
679158373988876288,samoyed,11,10,Hurley,,9193,23568
679148763231985668,malinois,10,10,,,1163,3028
679132435750195208,lakeland_terrier,11,10,Rubio,,1314,3253
679111216690831360,bathtub,8,10,,,2893,6514
679062614270468097,samoyed,10,10,Louis,,9299,18712
679047485189439488,cowboy_boot,12,10,officially,,781,2460
679001094530465792,dingo,11,10,Chompsky,,1378,3075
678991772295516161,cairn,9,10,,,1333,2537
678969228704284672,schipperke,11,10,Rascal,,528,1796
678798276842360832,pembroke,11,10,Lola,,1350,3804
678774928607469569,english_setter,12,10,,pupper,1043,3037
678767140346941444,border_terrier,7,10,Linda,,1553,3864
678755239630127104,eskimo_dog,8,10,Mia,,3741,7802
678740035362037760,pekinese,10,10,Wilson,,1926,4099
678708137298427904,rottweiler,10,10,Dash,,2753,6082
678675843183484930,great_pyrenees,6,10,Tango,,1680,3155
678446151570427904,tennis_ball,2,10,,,1785,4358
678424312106393600,labrador_retriever,10,10,Grizz,,2880,5916
678410210315247616,french_bulldog,10,10,,,2072,4640
678399652199309312,german_shepherd,2,10,Crystal,,30742,61794
678396796259975168,french_bulldog,10,10,Jerome,,478,1731
678389028614488064,great_pyrenees,12,10,,,473,2044
678380236862578688,golden_retriever,12,10,,,1020,2655
678341075375947776,great_dane,11,10,Bella,pupper,612,1896
678334497360859136,golden_retriever,10,10,Crumpet,,304,1427
678278586130948096,pembroke,12,10,,pupper,6857,12531
678255464182861824,collie,10,10,Rosie,,418,1726
678023323247357953,german_shepherd,10,10,,pupper,439,2095
678021115718029313,american_staffordshire_terrier,9,10,Jessifer,,7148,15018
677918531514703872,malamute,12,10,Reese,,463,1476
677895101218201600,american_staffordshire_terrier,11,10,Izzy,,2384,5275
677716515794329600,bedlington_terrier,10,10,,,1104,3323
677700003327029250,weimaraner,9,10,,,1622,3689
677698403548192770,teddy,144,120,,,363,1332
677687604918272002,golden_retriever,10,10,Ralph,,950,2681
677673981332312066,hippopotamus,9,10,Sadie,,1677,3603
677662372920729601,seat_belt,11,10,,,1101,2134
677644091929329666,boxer,9,10,,,886,2040
677573743309385728,golden_retriever,12,10,,,819,2322
677565715327688705,staffordshire_bullterrier,11,10,,,513,1409
677557565589463040,labrador_retriever,10,10,Sandy,,1322,2665
677547928504967168,french_bulldog,6,10,,,4076,7568
677530072887205888,border_terrier,10,10,,pupper,250,1161
677335745548390400,golden_retriever,12,10,,,2017,3328
677334615166730240,toy_poodle,9,10,Axel,,328,1477
677331501395156992,labrador_retriever,12,10,,,265,1189
677328882937298944,kuvasz,9,10,,,1693,3938
677314812125323265,cocker_spaniel,9,10,Humphrey,,611,1799
677301033169788928,doberman,10,10,Derek,,471,1362
677269281705472000,briard,10,10,Tassy,,790,2164
677228873407442944,old_english_sheepdog,5,10,Juckson,,1840,3837
677187300187611136,chihuahua,10,10,,pupper,1033,2981
676975532580409345,eskimo_dog,11,10,Chuq,,1203,3015
676957860086095872,pembroke,9,10,,,907,2395
676949632774234114,bloodhound,11,10,Cooper,,448,1413
676948236477857792,pomeranian,10,10,,,980,2354
676946864479084545,whippet,8,10,Tyrus,,426,1844
676942428000112642,miniature_pinscher,6,10,Karl,,855,2261
676936541936185344,afghan_hound,12,10,,,5515,13809
676916996760600576,pembroke,9,10,,,2002,3231
676897532954456065,kelpie,8,10,,pupper,817,2426
676864501615042560,pekinese,10,10,,pupper,808,2294
676821958043033607,eskimo_dog,5,10,,,17605,25124
676819651066732545,cardigan,10,10,Ash,,741,1957
676776431406465024,boxer,12,10,,pupper,2249,5405
676617503762681856,cardigan,9,10,Penny,,1108,3149
676613908052996102,golden_retriever,10,10,,,219,1183
676606785097199616,west_highland_white_terrier,13,10,,pupper,490,2039
676603393314578432,chihuahua,12,10,,,440,1280
676593408224403456,kuvasz,12,10,,,2410,4954
676590572941893632,bath_towel,9,10,Godzilla,pupper,142,1001
676582956622721024,golden_retriever,7,10,,,312,1310
676575501977128964,rhodesian_ridgeback,5,10,Bubbles,,1254,2807
676533798876651520,toilet_tissue,8,10,Vinnie,,621,2025
676496375194980353,border_terrier,8,10,,pupper,602,1641
676470639084101634,ice_bear,12,10,,,5224,12616
676440007570247681,swing,9,10,Griffin,,748,1863
676430933382295552,border_collie,11,10,,pupper,385,1526
676263575653122048,hyena,11,10,,,609,2243
676237365392908289,rottweiler,10,10,Duke,,331,1335
676219687039057920,staffordshire_bullterrier,10,10,,pupper,31989,67100
676215927814406144,samoyed,8,10,Winston,,661,1881
676191832485810177,borzoi,10,10,Kenneth,,1145,2478
676101918813499392,mortarboard,10,10,Bert,,1284,3042
676098748976615425,shopping_cart,8,10,,,1623,3279
675898130735476737,siberian_husky,3,10,,,653,1774
675891555769696257,american_staffordshire_terrier,9,10,,,976,2297
675888385639251968,norwegian_elkhound,10,10,,pupper,1067,2581
675870721063669760,golden_retriever,10,10,,,632,1783
675853064436391936,chow,11,10,,,1460,2927
675849018447167488,great_pyrenees,11,10,,,172,1027
675845657354215424,kelpie,88,80,,,1000,2477
675820929667219457,border_terrier,10,10,Pepper,pupper,260,1140
675798442703122432,leonberg,10,10,,,3787,11101
675740360753160193,swing,10,10,Bernie,,388,1257
675710890956750848,staffordshire_bullterrier,11,10,Buddah,,928,2046
675707330206547968,chesapeake_bay_retriever,12,10,,pupper,771,2154
675534494439489536,golden_retriever,11,10,,,470,1953
675522403582218240,brittany_spaniel,11,10,,,316,1122
675517828909424640,afghan_hound,10,10,Ellie,,507,1414
675501075957489664,military_uniform,10,10,Sammy,,6485,18482
675497103322386432,chihuahua,12,10,,,1443,3397
675489971617296384,ice_bear,13,10,,,672,1406
675483430902214656,chow,11,10,Reggie,,1081,1985
675432746517426176,french_bulldog,10,10,,,627,1623
675372240448454658,pembroke,5,10,,,563,1838
675362609739206656,tub,12,10,,,262,1136
675354435921575936,labrador_retriever,13,10,,,18963,35178
675349384339542016,chihuahua,12,10,Daisy,,2532,4237
675334060156301312,pembroke,13,10,,,1436,3007
675166823650848770,labrador_retriever,13,10,,,1795,3920
675153376133427200,labrador_retriever,12,10,,pupper,2734,6072
675149409102012420,labrador_retriever,10,10,Arnold,,1878,4037
675146535592706048,labrador_retriever,12,10,,,349,1300
675145476954566656,labrador_retriever,10,10,,,1011,2305
675135153782571009,tennis_ball,7,10,Coops,,542,1398
675113801096802304,irish_water_spaniel,9,10,,,877,2120
675111688094527488,dandie_dinmont,5,10,Steven,,283,1042
675109292475830276,chow,10,10,Zuzu,pupper,1259,3006
675047298674663426,samoyed,8,10,Oliver,,366,1141
675015141583413248,golden_retriever,9,10,,,1335,2918
675006312288268288,giant_schnauzer,11,10,,,252,1057
675003128568291329,golden_retriever,10,10,Moe,,517,1672
674999807681908736,shetland_sheepdog,10,10,Mollie,pupper,1232,2433
674805413498527744,white_wolf,12,10,Laela,,391,934
674800520222154752,staffordshire_bullterrier,13,10,,,949,3240
674793399141146624,airedale,10,10,,,1225,2697
674790488185167872,cardigan,11,10,Tedders,,278,1180
674788554665512960,bernese_mountain_dog,13,10,,,230,871
674767892831932416,bedlington_terrier,8,10,,,883,1981
674764817387900928,malamute,11,10,Superpup,pupper,263,852
674754018082705410,flat-coated_retriever,12,10,,,488,1456
674742531037511680,schipperke,12,10,,,55,527
674739953134403584,chihuahua,10,10,Sophie,,437,1194
674737130913071104,shetland_sheepdog,11,10,,,103,693
674690135443775488,tennis_ball,11,10,,,510,1237
674670581682434048,yorkshire_terrier,10,10,Rufio,pupper,729,1751
674664755118911488,pug,3,10,Patrick,,276,994
674646392044941312,car_mirror,9,10,Jeb,,557,1533
674638615994089473,cardigan,5,10,,,650,1806
674606911342424069,staffordshire_bullterrier,12,10,,pupper,115,1013
674468880899788800,barrow,5,10,,,2275,6676
674422304705744896,bloodhound,10,10,,pupper,592,1536
674416750885273600,golden_retriever,9,10,Bailey,,157,731
674410619106390016,great_dane,12,10,Ava,,515,1289
674372068062928900,german_shepherd,10,10,Lenny,,346,931
674330906434379776,miniature_pinscher,8,10,Gary,,83,602
674318007229923329,english_springer,10,10,Chesney,,570,1516
674307341513269249,black-and-tan_coonhound,13,10,,,7641,12129
674291837063053312,pembroke,8,10,Lennon,pupper,6533,15817
674271431610523648,chihuahua,12,10,life,,800,1682
674269164442398721,pembroke,11,10,Kenny,,255,961
674265582246694913,blenheim_spaniel,10,10,,,936,1766
674262580978937856,flat-coated_retriever,8,10,Bob,,498,1391
674255168825880576,chihuahua,2,10,Henry,,619,1581
674082852460433408,old_english_sheepdog,9,10,Gus,pupper,186,804
674075285688614912,boston_bull,10,10,Bobbay,,316,1047
674063288070742018,golden_retriever,11,10,,,2450,6769
674053186244734976,samoyed,11,10,Mitch,,1441,3576
674051556661161984,malamute,5,10,Earl,,530,1564
674045139690631169,labrador_retriever,10,10,Stanley,,710,1520
674042553264685056,french_bulldog,10,10,Lucy,,142,772
674038233588723717,golden_retriever,3,10,,,456,1176
674036086168010753,pembroke,12,10,,,240,906
674024893172875264,golden_retriever,12,10,Kaiya,pupper,1360,1914
674014384960745472,angora,10,10,,,714,1676
674008982932058114,golden_retriever,10,10,Acro,,393,1297
673956914389192708,labrador_retriever,11,10,Aiden,,1069,2091
673919437611909120,french_bulldog,10,10,,,401,1251
673716320723169284,bedlington_terrier,3,10,,,843,3289
673715861853720576,cardigan,10,10,,,2303,3815
673709992831262724,german_shepherd,4,10,,,306,908
673708611235921920,syringe,10,10,,,315,1153
673707060090052608,cardigan,12,10,,,434,1177
673705679337693185,arabian_camel,12,10,Riley,,439,1337
673700254269775872,chow,10,10,Raymond,pupper,638,1532
673689733134946305,basset,3,10,,,700,1855
673688752737402881,australian_terrier,8,10,Pickles,pupper,534,1325
673686845050527744,french_bulldog,11,10,,,479,1544
673680198160809984,lakeland_terrier,9,10,Larry,,521,1460
673662677122719744,staffordshire_bullterrier,11,10,George,,397,1339
673656262056419329,eskimo_dog,13,10,Shnuggles,,265,769
673612854080196609,golden_retriever,10,10,Albert,pupper,802,1691
673583129559498752,bull_mastiff,10,10,,,403,1273
673576835670777856,pembroke,11,10,Sandy,,613,1482
673363615379013632,chesapeake_bay_retriever,8,10,,,338,1088
673359818736984064,golden_retriever,7,10,,,728,1558
673355879178194945,samoyed,11,10,,pupper,652,1606
673352124999274496,french_bulldog,8,10,Steve,,597,1761
673350198937153538,flat-coated_retriever,11,10,Koda,,229,784
673345638550134785,samoyed,12,10,,,1422,2700
673343217010679808,blenheim_spaniel,9,10,Bella,,289,1038
673342308415348736,eskimo_dog,7,10,Gerald,,649,1362
673320132811366400,border_collie,11,10,,,8705,14441
673317986296586240,labrador_retriever,10,10,Django,pupper,293,924
673295268553605120,whippet,11,10,Frankie,,3484,8046
673270968295534593,labrador_retriever,10,10,,,400,1134
673240798075449344,laptop,8,10,Eve,pupper,798,1510
673213039743795200,pembroke,11,10,Mac,,929,2410
673148804208660480,chihuahua,6,10,,,688,1822
672997845381865473,pembroke,10,10,Dexter,,786,2092
672995267319328768,pembroke,8,10,Fletcher,pupper,328,1001
672984142909456390,greater_swiss_mountain_dog,8,10,Pumpkin,,593,1338
672980819271634944,golden_retriever,10,10,Schnozz,pupper,1079,1930
672975131468300288,pembroke,9,10,,,1015,1813
672968025906282496,kelpie,10,10,Chuckles,pupper,602,1405
672964561327235073,komondor,7,10,Chet,pupper,701,1530
672902681409806336,labrador_retriever,11,10,Gustaf,,550,1452
672898206762672129,shetland_sheepdog,10,10,Terry,,459,944
672884426393653248,basketball,9,10,Jimison,,897,1661
672877615439593473,labrador_retriever,11,10,Cheryl,pupper,405,1096
672834301050937345,pembroke,6,10,,,623,1398
672828477930868736,cocker_spaniel,8,10,Oscar,,533,1343
672640509974827008,pug,10,10,Ed,,348,1032
672622327801233409,labrador_retriever,9,10,Jerry,,542,1377
672614745925664768,vizsla,9,10,Leonidas,,644,1302
672609152938721280,newfoundland,12,10,,pupper,424,1180
672604026190569472,laptop,6,10,Norman,pupper,445,1188
672594978741354496,cardigan,9,10,Caryl,,661,1411
672591762242805761,flat-coated_retriever,11,10,,,367,1014
672591271085670400,cocker_spaniel,9,10,Scott,pupper,207,782
672538107540070400,labrador_retriever,10,10,Taz,,404,1089
672523490734551040,west_highland_white_terrier,8,10,,,189,696
672488522314567680,siberian_husky,7,10,Darby,,482,1187
672482722825261057,labrador_retriever,10,10,,,665,1221
672481316919734272,bernese_mountain_dog,10,10,Jackie,,137,757
672475084225949696,golden_retriever,10,10,light,,770,1529
672466075045466113,bloodhound,12,10,Jazz,pupper,598,1447
672272411274932228,pembroke,8,10,Buddy,,3677,6888
672267570918129665,saluki,12,10,Franq,,666,1588
672264251789176834,basset,11,10,Pippin,,383,1212
672256522047614977,irish_setter,10,10,,,1699,2999
672254177670729728,chesapeake_bay_retriever,10,10,Kreg,,800,1515
672248013293752320,french_bulldog,8,10,,,656,1833
672245253877968896,basset,11,10,Rolf,pupper,169,733
672239279297454080,italian_greyhound,10,10,,,347,953
672231046314901505,vizsla,12,10,Snickers,,1089,1956
672205392827572224,tricycle,5,10,,,1270,2414
672169685991993344,english_springer,9,10,Cal,,408,1074
672160042234327040,german_short-haired_pointer,9,10,Opal,pupper,395,918
672139350159835138,basset,10,10,Bradley,,792,1876
672125275208069120,miniature_pinscher,8,10,Bubba,pupper,1253,2578
672095186491711488,chihuahua,12,10,,,395,1063
672082170312290304,golden_retriever,11,10,just,,402,1003
672068090318987265,pembroke,9,10,Tuco,,564,1389
671882082306625538,samoyed,10,10,Lola,,1488,3693
671879137494245376,saluki,11,10,Mojo,,748,1507
671874878652489728,weimaraner,11,10,Batdog,,601,1330
671866342182637568,web_site,5,10,Brad,,548,1191
671855973984772097,golden_retriever,10,10,Mia,,502,977
671789708968640512,pembroke,10,10,Dylan,,3811,7527
671768281401958400,labrador_retriever,8,10,,,572,1269
671763349865160704,eskimo_dog,13,10,space,,999,1788
671744970634719232,golden_retriever,10,10,,,841,1430
671743150407421952,chow,9,10,Mark,,248,779
671735591348891648,golden_retriever,6,10,,,819,1534
671729906628341761,doberman,11,10,,,4795,9119
671561002136281088,german_shepherd,11,10,Oscar,,7931,13679
671550332464455680,pembroke,13,10,,,229,967
671547767500775424,pug,13,10,,,658,1444
671544874165002241,chow,1,10,,,1145,2126
671542985629241344,italian_greyhound,10,10,Marley,,616,1166
671538301157904385,malamute,6,10,,,436,993
671536543010570240,labrador_retriever,10,10,JD,,441,1253
671533943490011136,pug,8,10,Baxter,,631,1092
671528761649688577,blenheim_spaniel,9,10,Reginald,,280,896
671520732782923777,pug,6,10,,,582,1499
671518598289059840,french_bulldog,10,10,Jax,,319,1010
671504605491109889,kuvasz,9,10,Scruffers,,3866,7495
671497587707535361,chihuahua,8,10,Hammond,,481,980
671488513339211776,samoyed,11,10,Charlie,,516,1073
671486386088865792,mexican_hairless,11,10,Pip,,226,621
671485057807351808,pembroke,8,10,Julius,,253,806
671362598324076544,basset,11,10,Penelope,,325,1193
671357843010908160,french_bulldog,7,10,,,157,426
671355857343524864,pembroke,11,10,Tanner,,119,508
671347597085433856,siberian_husky,9,10,,,476,1031
671186162933985280,golden_retriever,10,10,Lou,,241,788
671182547775299584,golden_retriever,9,10,Lola,,378,1193
671166507850801152,whippet,10,10,Sparky,,390,931
671163268581498880,golden_retriever,12,10,,,1198,1763
671159727754231808,french_bulldog,10,10,Herm,,89,401
671154572044468225,pembroke,8,10,,,241,769
671151324042559489,french_bulldog,5,10,Anthony,,166,714
671147085991960577,samoyed,11,10,Holly,,254,713
671141549288370177,pembroke,12,10,,,713,1246
671138694582165504,irish_terrier,9,10,,,448,996
671134062904504320,pomeranian,9,10,,,212,796
671122204919246848,appenzeller,10,10,,,2763,3729
671115716440031232,chesapeake_bay_retriever,8,10,Clarence,,842,1436
671109016219725825,basset,4,10,,,478,1225
670995969505435648,paper_towel,6,10,Phred,,317,1175
670842764863651840,chihuahua,8,10,Toby,,4324,7989
670840546554966016,chihuahua,12,10,,,213,634
